yearInt,monthInt,state,country,region,Product_Name,unitPrice,quantity,orderTotal,customer_id
2022,7,CA,USA,West,Orange Creepies,300,49,14700,null
2022,9,RI,USA,Northeast,Farm Fresh,365,49,17885,null
2022,10,TN,USA,South,Farm Fresh,365,10,3650,null
2022,12,FL,USA,South,Organiks,257,27,6939,null
2022,12,MD,USA,South,PearApple,363,83,30129,null
2022,8,KY,USA,South,Big Waffle,268,5,1340,null
2022,4,SC,USA,South,Farm Fresh,365,82,29930,null
2022,3,AZ,USA,West,Funky Pops,380,62,23560,null
2022,4,MA,USA,Northeast,Ultra-Salty Chips,454,28,12712,null
2022,10,DE,USA,South,Just The Fruit,160,30,4800,null
2022,9,MA,USA,Northeast,Yellow Zonkers,134,92,12328,null
2022,10,FL,USA,South,Purple Pain,105,71,7455,null
2022,1,NV,USA,West,Orange Creepies,300,67,20100,null
2022,8,NC,USA,South,Grey Gummies,446,89,39694,null
2022,7,AZ,USA,West,Farm Fresh,365,43,15695,null
2022,2,HI,USA,West,Future Toast,253,44,11132,null
2022,6,MD,USA,South,Farm Fresh,365,16,5840,null
2022,8,RI,USA,Northeast,Giant Gummies,347,100,34700,null
2022,8,MD,USA,South,Nap Be Gone,500,27,13500,null
2022,7,ID,USA,West,Power Gels,193,42,8106,null
2022,5,SC,USA,South,Power Gels,193,29,5597,null
2022,12,NC,USA,South,Future Toast,253,85,21505,null
2022,3,MD,USA,South,Ultra-Salty Chips,454,16,7264,null
2022,3,NV,USA,West,Giant Gummies,347,61,21167,null
2022,12,FL,USA,South,Future Toast,253,17,4301,null
2022,1,MI,USA,Midwest,Cheezos,372,16,5952,null
2022,6,NV,USA,West,Green Lightning,161,96,15456,null
2022,4,DE,USA,South,Only Pancakes,413,26,10738,null
2022,12,AZ,USA,West,Only Pancakes,413,10,4130,null
2022,2,VT,USA,Northeast,Future Toast,253,59,14927,null
2022,10,NE,USA,Midwest,Future Toast,253,42,10626,null
2022,2,TN,USA,South,Just The Fruit,160,7,1120,null
2022,4,WA,USA,West,Meat B Gone,495,59,29205,null
2022,9,DE,USA,South,Just The Fruit,160,7,1120,null
2022,7,IL,USA,Midwest,Rotpunkt,220,54,11880,null
2022,1,CA,USA,West,Orange Creepies,300,8,2400,null
2022,7,DE,USA,South,Panda Gummies,104,68,7072,null
2022,7,MO,USA,Midwest,Orange Creepies,300,78,23400,null
2022,6,FL,USA,South,Yellow Zonkers,134,94,12596,null
2022,6,MD,USA,South,Giant Gummies,347,71,24637,null
2022,10,FL,USA,South,Grey Gummies,446,46,20516,null
2022,11,FL,USA,South,Just The Fruit,160,10,1600,null
2022,4,NC,USA,South,Red Hot Chili Peppers,233,82,19106,null
2022,4,VT,USA,Northeast,Power Gels,193,78,15054,null
2022,6,TN,USA,South,Nap Be Gone,500,84,42000,null
2022,4,NC,USA,South,GMO Guardian,176,5,880,null
2022,6,MO,USA,Midwest,GMO Guardian,176,23,4048,null
2022,5,MA,USA,Northeast,Only Pancakes,413,2,826,null
2022,3,IL,USA,Midwest,Grey Gummies,446,1,446,null
2022,8,MD,USA,South,Rotpunkt,220,51,11220,null
2022,6,MI,USA,Midwest,Meat B Gone,495,38,18810,null
2022,12,MI,USA,Midwest,Only Pancakes,413,97,40061,null
2022,3,DE,USA,South,Power Gels,193,38,7334,null
2022,10,WA,USA,West,Panda Gummies,104,30,3120,null
2022,2,CA,USA,West,Nap Be Gone,500,96,48000,null
2022,6,MI,USA,Midwest,GMO Guardian,176,57,10032,null
2022,8,FL,USA,South,Crocodile Tears,143,5,715,null
2022,8,MD,USA,South,GMO Guardian,176,60,10560,null
2022,5,TN,USA,South,Rotpunkt,220,66,14520,null
2022,9,FL,USA,South,Meat B Gone,495,23,11385,null
2022,2,OR,USA,West,Purple Pain,105,93,9765,null
2022,9,HI,USA,West,Meat B Gone,495,77,38115,null
2022,11,KY,USA,South,Rotpunkt,220,61,13420,null
2022,9,WA,USA,West,Panda Gummies,104,19,1976,null
2022,9,OR,USA,West,Red Rock Candy,189,92,17388,null
2022,12,FL,USA,South,Purple Pain,105,14,1470,null
2022,2,VT,USA,Northeast,Giant Gummies,347,30,10410,null
2022,8,MA,USA,Northeast,Nap Be Gone,500,5,2500,null
2022,8,NC,USA,South,Future Toast,253,90,22770,null
2022,11,MO,USA,Midwest,Meat B Gone,495,22,10890,null
2022,3,RI,USA,Northeast,Just The Fruit,160,29,4640,null
2022,8,MD,USA,South,Red Rock Candy,189,71,13419,null
2022,9,TN,USA,South,Funky Pops,380,67,25460,null
2022,12,DE,USA,South,Nap Be Gone,500,64,32000,null
2022,4,DE,USA,South,Ultra-Salty Chips,454,67,30418,null
2022,4,OR,USA,West,Orange Creepies,300,15,4500,null
2022,6,DE,USA,South,Red Rock Candy,189,9,1701,null
2022,11,NV,USA,West,Red Hot Chili Peppers,233,87,20271,null
2022,6,FL,USA,South,Mr Greens,447,54,24138,null
2022,7,CA,USA,West,Cheezos,372,20,7440,null
2022,9,MD,USA,South,PearApple,363,39,14157,null
2022,10,MD,USA,South,Cheezos,372,26,9672,null
2022,9,MD,USA,South,Power Gels,193,30,5790,null
2022,12,KY,USA,South,Power Gels,193,73,14089,null
2022,12,NE,USA,Midwest,Ultra-Salty Chips,454,32,14528,null
2022,8,MO,USA,Midwest,GMO Guardian,176,63,11088,null
2022,4,WA,USA,West,Giant Gummies,347,27,9369,null
2022,10,FL,USA,South,Ultra-Salty Chips,454,86,39044,null
2022,6,NC,USA,South,Purple Pain,105,89,9345,null
2022,9,IL,USA,Midwest,Green Lightning,161,54,8694,null
2022,1,FL,USA,South,Panda Gummies,104,14,1456,null
2022,7,DE,USA,South,Power Gels,193,60,11580,null
2022,6,MD,USA,South,Rotpunkt,220,36,7920,null
2022,7,HI,USA,West,Yellow Zonkers,134,59,7906,null
2022,11,SC,USA,South,Nap Be Gone,500,39,19500,null
2022,11,FL,USA,South,Yellow Zonkers,134,67,8978,null
2022,11,FL,USA,South,GMO Guardian,176,13,2288,null
2022,8,NE,USA,Midwest,Ultra-Salty Chips,454,62,28148,null
2022,6,MA,USA,Northeast,Green Lightning,161,92,14812,null
2022,7,SC,USA,South,Cheezos,372,54,20088,null
2022,3,HI,USA,West,PearApple,363,64,23232,null
2022,4,FL,USA,South,Mr Greens,447,31,13857,null
2022,10,RI,USA,Northeast,Funky Pops,380,33,12540,null
2022,10,CA,USA,West,Farm Fresh,365,8,2920,null
2022,3,TN,USA,South,Ultra-Salty Chips,454,24,10896,null
2022,1,SC,USA,South,Only Pancakes,413,31,12803,null
2022,2,CA,USA,West,Red Hot Chili Peppers,233,36,8388,null
2022,3,FL,USA,South,Panda Gummies,104,13,1352,null
2022,2,NV,USA,West,Funky Pops,380,46,17480,null
2022,2,RI,USA,Northeast,Yellow Zonkers,134,7,938,null
2022,9,MA,USA,Northeast,Red Hot Chili Peppers,233,12,2796,null
2022,7,NE,USA,Midwest,Future Toast,253,90,22770,null
2022,11,CA,USA,West,Power Gels,193,87,16791,null
2022,6,MD,USA,South,Mr Greens,447,75,33525,null
2022,7,OR,USA,West,Red Rock Candy,189,83,15687,null
2022,12,MD,USA,South,Panda Gummies,104,26,2704,null
2022,4,IL,USA,Midwest,GMO Guardian,176,89,15664,null
2022,1,MI,USA,Midwest,Just The Fruit,160,7,1120,null
2022,3,ID,USA,West,Giant Gummies,347,80,27760,null
2022,9,AZ,USA,West,Nap Be Gone,500,35,17500,null
2022,3,KY,USA,South,Green Lightning,161,36,5796,null
2022,2,IL,USA,Midwest,Farm Fresh,365,85,31025,null
2022,5,TN,USA,South,Power Gels,193,90,17370,null
2022,5,HI,USA,West,Green Lightning,161,48,7728,null
2022,3,KY,USA,South,GMO Guardian,176,73,12848,null
2022,11,FL,USA,South,Only Pancakes,413,5,2065,null
2022,3,KY,USA,South,Future Toast,253,77,19481,null
2022,9,OR,USA,West,Funky Pops,380,20,7600,null
2022,11,MO,USA,Midwest,Farm Fresh,365,89,32485,null
2022,7,CA,USA,West,Power Gels,193,55,10615,null
2022,9,SC,USA,South,Green Lightning,161,37,5957,null
2022,6,SC,USA,South,PearApple,363,94,34122,null
2022,8,KY,USA,South,Giant Gummies,347,78,27066,null
2022,12,DE,USA,South,Panda Gummies,104,16,1664,null
2022,4,MD,USA,South,Grey Gummies,446,61,27206,null
2022,3,VT,USA,Northeast,Purple Pain,105,7,735,null
2022,4,HI,USA,West,Organiks,257,52,13364,null
2022,1,CA,USA,West,Funky Pops,380,12,4560,null
2022,7,HI,USA,West,Panda Gummies,104,5,520,null
2022,1,MA,USA,Northeast,PearApple,363,1,363,null
2022,4,MI,USA,Midwest,Panda Gummies,104,11,1144,null
2022,5,NE,USA,Midwest,GMO Guardian,176,38,6688,null
2022,3,IL,USA,Midwest,Giant Gummies,347,100,34700,null
2022,2,VT,USA,Northeast,Yellow Zonkers,134,77,10318,null
2022,8,AZ,USA,West,Orange Creepies,300,44,13200,null
2022,3,NE,USA,Midwest,PearApple,363,36,13068,null
2022,3,DE,USA,South,Cheezos,372,91,33852,null
2022,3,FL,USA,South,Future Toast,253,93,23529,null
2022,3,HI,USA,West,GMO Guardian,176,98,17248,null
2022,6,VT,USA,Northeast,Nap Be Gone,500,77,38500,null
2022,9,TN,USA,South,Only Pancakes,413,39,16107,null
2022,10,RI,USA,Northeast,Orange Creepies,300,41,12300,null
2022,3,FL,USA,South,Panda Gummies,104,2,208,null
2022,11,ID,USA,West,Orange Creepies,300,18,5400,null
2022,8,AZ,USA,West,Big Waffle,268,27,7236,null
2022,2,AZ,USA,West,Meat B Gone,495,1,495,null
2022,1,FL,USA,South,Orange Creepies,300,94,28200,null
2022,5,MD,USA,South,Funky Pops,380,69,26220,null
2022,5,TN,USA,South,Ultra-Salty Chips,454,54,24516,null
2022,4,CA,USA,West,Mr Greens,447,37,16539,null
2022,4,MO,USA,Midwest,Red Hot Chili Peppers,233,93,21669,null
2022,10,DE,USA,South,PearApple,363,63,22869,null
2022,8,NE,USA,Midwest,Purple Pain,105,34,3570,null
2022,1,TN,USA,South,Future Toast,253,42,10626,null
2022,12,HI,USA,West,PearApple,363,80,29040,null
2022,6,TN,USA,South,Grey Gummies,446,95,42370,null
2022,10,WA,USA,West,Organiks,257,1,257,null
2022,7,TN,USA,South,Power Gels,193,96,18528,null
2022,8,OR,USA,West,Purple Pain,105,7,735,null
2022,12,WA,USA,West,Crocodile Tears,143,64,9152,null
2022,7,IL,USA,Midwest,Organiks,257,77,19789,null
2022,10,DE,USA,South,Yellow Zonkers,134,61,8174,null
2022,11,MA,USA,Northeast,Ultra-Salty Chips,454,43,19522,null
2022,3,WA,USA,West,Organiks,257,40,10280,null
2022,11,FL,USA,South,Purple Pain,105,14,1470,null
2022,7,MA,USA,Northeast,Red Rock Candy,189,25,4725,null
2022,9,NC,USA,South,Farm Fresh,365,62,22630,null
2022,10,TN,USA,South,Farm Fresh,365,22,8030,null
2022,1,DE,USA,South,Grey Gummies,446,29,12934,null
2022,7,MO,USA,Midwest,Meat B Gone,495,6,2970,null
2022,3,NE,USA,Midwest,Panda Gummies,104,3,312,null
2022,9,HI,USA,West,Farm Fresh,365,76,27740,null
2022,4,KY,USA,South,Mr Greens,447,53,23691,null
2022,1,NV,USA,West,Giant Gummies,347,5,1735,null
2022,8,MO,USA,Midwest,Rotpunkt,220,25,5500,null
2022,2,FL,USA,South,Organiks,257,66,16962,null
2022,1,KY,USA,South,Power Gels,193,75,14475,null
2022,8,MD,USA,South,Mr Greens,447,79,35313,null
2022,7,KY,USA,South,Nap Be Gone,500,57,28500,null
2022,7,NE,USA,Midwest,Mr Greens,447,36,16092,null
2022,11,TN,USA,South,Farm Fresh,365,5,1825,null
2022,11,IL,USA,Midwest,Meat B Gone,495,42,20790,null
2022,12,NE,USA,Midwest,Rotpunkt,220,30,6600,null
2022,1,NC,USA,South,Red Rock Candy,189,88,16632,null
2022,7,WA,USA,West,Yellow Zonkers,134,53,7102,null
2022,10,SC,USA,South,Organiks,257,10,2570,null
2022,12,SC,USA,South,Ultra-Salty Chips,454,7,3178,null
2022,5,MO,USA,Midwest,Crocodile Tears,143,94,13442,null
2022,2,MD,USA,South,Grey Gummies,446,33,14718,null
2022,9,FL,USA,South,Funky Pops,380,9,3420,null
2022,12,MA,USA,Northeast,Cheezos,372,70,26040,null
2022,8,DE,USA,South,Cheezos,372,65,24180,null
2022,11,VT,USA,Northeast,Organiks,257,32,8224,null
2022,11,WA,USA,West,Purple Pain,105,65,6825,null
2022,12,WA,USA,West,Only Pancakes,413,38,15694,null
2022,9,IL,USA,Midwest,Green Lightning,161,51,8211,null
2022,5,TN,USA,South,Crocodile Tears,143,48,6864,null
2022,10,FL,USA,South,Orange Creepies,300,81,24300,null
2022,3,NE,USA,Midwest,Purple Pain,105,27,2835,null
2022,4,KY,USA,South,Yellow Zonkers,134,97,12998,null
2022,1,NE,USA,Midwest,Only Pancakes,413,26,10738,null
2022,7,FL,USA,South,Orange Creepies,300,71,21300,null
2022,11,DE,USA,South,Orange Creepies,300,66,19800,null
2022,6,NE,USA,Midwest,Giant Gummies,347,45,15615,null
2022,11,TN,USA,South,Crocodile Tears,143,67,9581,null
2022,6,KY,USA,South,PearApple,363,80,29040,null
2022,7,MO,USA,Midwest,Nap Be Gone,500,10,5000,null
2022,6,HI,USA,West,Giant Gummies,347,92,31924,null
2022,5,TN,USA,South,Red Rock Candy,189,86,16254,null
2022,3,NE,USA,Midwest,Cheezos,372,12,4464,null
2022,5,TN,USA,South,Ultra-Salty Chips,454,63,28602,null
2022,2,AZ,USA,West,Nap Be Gone,500,89,44500,null
2022,10,RI,USA,Northeast,Crocodile Tears,143,18,2574,null
2022,12,MO,USA,Midwest,Purple Pain,105,66,6930,null
2022,11,RI,USA,Northeast,Ultra-Salty Chips,454,83,37682,null
2022,9,FL,USA,South,Future Toast,253,94,23782,null
2022,2,HI,USA,West,Funky Pops,380,58,22040,null
2022,11,IL,USA,Midwest,Big Waffle,268,41,10988,null
2022,11,NE,USA,Midwest,Only Pancakes,413,92,37996,null
2022,3,SC,USA,South,Power Gels,193,29,5597,null
2022,7,IL,USA,Midwest,Farm Fresh,365,51,18615,null
2022,6,MO,USA,Midwest,Nap Be Gone,500,43,21500,null
2022,11,MD,USA,South,Purple Pain,105,23,2415,null
2022,5,TN,USA,South,GMO Guardian,176,73,12848,null
2022,5,TN,USA,South,PearApple,363,91,33033,null
2022,5,TN,USA,South,Red Rock Candy,189,38,7182,null
2022,4,NC,USA,South,Meat B Gone,495,45,22275,null
2022,2,OR,USA,West,Organiks,257,57,14649,null
2022,2,IL,USA,Midwest,Grey Gummies,446,15,6690,null
2022,12,WA,USA,West,Mr Greens,447,4,1788,null
2022,5,NE,USA,Midwest,Meat B Gone,495,78,38610,null
2022,7,NE,USA,Midwest,Grey Gummies,446,81,36126,null
2022,12,KY,USA,South,Crocodile Tears,143,73,10439,null
2022,2,WA,USA,West,Orange Creepies,300,44,13200,null
2022,4,SC,USA,South,Purple Pain,105,1,105,null
2022,9,RI,USA,Northeast,Panda Gummies,104,15,1560,null
2022,4,FL,USA,South,PearApple,363,1,363,null
2022,8,MA,USA,Northeast,Funky Pops,380,25,9500,null
2022,11,IL,USA,Midwest,Red Rock Candy,189,57,10773,null
2022,7,AZ,USA,West,Green Lightning,161,6,966,null
2022,11,HI,USA,West,Panda Gummies,104,84,8736,null
2022,3,MI,USA,Midwest,Future Toast,253,92,23276,null
2022,2,DE,USA,South,Future Toast,253,11,2783,null
2022,4,TN,USA,South,Purple Pain,105,54,5670,null
2022,4,MA,USA,Northeast,PearApple,363,64,23232,null
2022,5,MD,USA,South,Farm Fresh,365,56,20440,null
2022,6,FL,USA,South,Orange Creepies,300,31,9300,null
2022,11,FL,USA,South,Green Lightning,161,46,7406,null
2022,2,MI,USA,Midwest,Organiks,257,49,12593,null
2022,10,RI,USA,Northeast,Green Lightning,161,38,6118,null
2022,11,AZ,USA,West,Farm Fresh,365,60,21900,null
2022,9,MD,USA,South,Future Toast,253,95,24035,null
2022,7,WA,USA,West,Only Pancakes,413,64,26432,null
2022,1,ID,USA,West,Mr Greens,447,23,10281,null
2022,3,FL,USA,South,Red Rock Candy,189,52,9828,null
2022,11,CA,USA,West,Green Lightning,161,21,3381,null
2022,10,CA,USA,West,Ultra-Salty Chips,454,52,23608,null
2022,12,HI,USA,West,Organiks,257,16,4112,null
2022,11,MO,USA,Midwest,Yellow Zonkers,134,64,8576,null
2022,12,MI,USA,Midwest,Yellow Zonkers,134,91,12194,null
2022,2,KY,USA,South,Farm Fresh,365,14,5110,null
2022,5,TN,USA,South,Red Rock Candy,189,88,16632,null
2022,10,MI,USA,Midwest,Only Pancakes,413,65,26845,null
2022,3,VT,USA,Northeast,Red Hot Chili Peppers,233,87,20271,null
2022,2,FL,USA,South,Funky Pops,380,19,7220,null
2022,3,AZ,USA,West,Red Rock Candy,189,15,2835,null
2022,9,MA,USA,Northeast,Mr Greens,447,41,18327,null
2022,1,AZ,USA,West,Grey Gummies,446,56,24976,null
2022,4,NV,USA,West,Green Lightning,161,88,14168,null
2022,3,TN,USA,South,Funky Pops,380,80,30400,null
2022,8,NV,USA,West,Orange Creepies,300,5,1500,null
2022,6,TN,USA,South,Green Lightning,161,54,8694,null
2022,12,OR,USA,West,Rotpunkt,220,70,15400,null
2022,7,AZ,USA,West,Grey Gummies,446,35,15610,null
2022,3,FL,USA,South,Grey Gummies,446,52,23192,null
2022,3,HI,USA,West,Giant Gummies,347,44,15268,null
2022,4,MI,USA,Midwest,Organiks,257,96,24672,null
2022,6,FL,USA,South,Green Lightning,161,79,12719,null
2022,12,FL,USA,South,Future Toast,253,22,5566,null
2022,6,MO,USA,Midwest,Funky Pops,380,61,23180,null
2022,3,OR,USA,West,Rotpunkt,220,90,19800,null
2022,2,FL,USA,South,GMO Guardian,176,9,1584,null
2022,5,NC,USA,South,Green Lightning,161,82,13202,null
2022,7,AZ,USA,West,Power Gels,193,29,5597,null
2022,9,OR,USA,West,Farm Fresh,365,34,12410,null
2022,8,NC,USA,South,Yellow Zonkers,134,51,6834,null
2022,1,NV,USA,West,Only Pancakes,413,43,17759,null
2022,9,RI,USA,Northeast,PearApple,363,82,29766,null
2022,3,WA,USA,West,Just The Fruit,160,70,11200,null
2022,12,AZ,USA,West,Ultra-Salty Chips,454,39,17706,null
2022,10,NE,USA,Midwest,Rotpunkt,220,17,3740,null
2022,12,IL,USA,Midwest,PearApple,363,65,23595,null
2022,3,NV,USA,West,Farm Fresh,365,43,15695,null
2022,12,NV,USA,West,Giant Gummies,347,31,10757,null
2022,2,MO,USA,Midwest,Big Waffle,268,1,268,null
2022,4,MA,USA,Northeast,Big Waffle,268,62,16616,null
2022,8,MA,USA,Northeast,Green Lightning,161,12,1932,null
2022,3,KY,USA,South,Farm Fresh,365,4,1460,null
2022,6,OR,USA,West,Nap Be Gone,500,87,43500,null
2022,4,MA,USA,Northeast,PearApple,363,37,13431,null
2022,5,MO,USA,Midwest,Red Hot Chili Peppers,233,32,7456,null
2022,3,MD,USA,South,Big Waffle,268,38,10184,null
2022,11,AZ,USA,West,Farm Fresh,365,67,24455,null
2022,6,IL,USA,Midwest,PearApple,363,37,13431,null
2022,5,FL,USA,South,Farm Fresh,365,56,20440,null
2022,3,MD,USA,South,Power Gels,193,34,6562,null
2022,8,KY,USA,South,Green Lightning,161,10,1610,null
2022,11,NV,USA,West,Future Toast,253,67,16951,null
2022,5,HI,USA,West,Organiks,257,99,25443,null
2022,11,DE,USA,South,Mr Greens,447,85,37995,null
2022,9,RI,USA,Northeast,Rotpunkt,220,37,8140,null
2022,1,OR,USA,West,Purple Pain,105,86,9030,null
2022,3,TN,USA,South,Rotpunkt,220,72,15840,null
2022,3,VT,USA,Northeast,Grey Gummies,446,92,41032,null
2022,4,WA,USA,West,Rotpunkt,220,97,21340,null
2022,7,AZ,USA,West,Farm Fresh,365,38,13870,null
2022,11,IL,USA,Midwest,Cheezos,372,90,33480,null
2022,12,NV,USA,West,Red Hot Chili Peppers,233,39,9087,null
2022,5,OR,USA,West,Just The Fruit,160,90,14400,null
2022,7,ID,USA,West,Nap Be Gone,500,25,12500,null
2022,7,FL,USA,South,Funky Pops,380,65,24700,null
2022,9,TN,USA,South,Funky Pops,380,88,33440,null
2022,2,FL,USA,South,Funky Pops,380,57,21660,null
2022,8,WA,USA,West,Farm Fresh,365,81,29565,null
2022,6,CA,USA,West,Giant Gummies,347,68,23596,null
2022,4,VT,USA,Northeast,Organiks,257,26,6682,null
2022,6,TN,USA,South,Orange Creepies,300,58,17400,null
2022,2,NC,USA,South,Farm Fresh,365,33,12045,null
2022,8,MA,USA,Northeast,Purple Pain,105,44,4620,null
2022,8,TN,USA,South,Power Gels,193,50,9650,null
2022,11,HI,USA,West,Power Gels,193,21,4053,null
2022,7,TN,USA,South,Red Rock Candy,189,15,2835,null
2022,6,NC,USA,South,Yellow Zonkers,134,20,2680,null
2022,1,MO,USA,Midwest,Giant Gummies,347,46,15962,null
2022,3,MA,USA,Northeast,Panda Gummies,104,11,1144,null
2022,1,SC,USA,South,Grey Gummies,446,29,12934,null
2022,4,KY,USA,South,Cheezos,372,28,10416,null
2022,2,DE,USA,South,Big Waffle,268,93,24924,null
2022,5,MO,USA,Midwest,Red Hot Chili Peppers,233,94,21902,null
2022,11,HI,USA,West,Green Lightning,161,53,8533,null
2022,11,SC,USA,South,Green Lightning,161,33,5313,null
2022,12,NV,USA,West,Giant Gummies,347,17,5899,null
2022,4,RI,USA,Northeast,Meat B Gone,495,55,27225,null
2022,12,AZ,USA,West,Yellow Zonkers,134,29,3886,null
2022,9,WA,USA,West,Organiks,257,80,20560,null
2022,11,OR,USA,West,Purple Pain,105,5,525,null
2022,5,IL,USA,Midwest,Rotpunkt,220,33,7260,null
2022,6,VT,USA,Northeast,Red Rock Candy,189,8,1512,null
2022,2,NC,USA,South,Green Lightning,161,16,2576,null
2022,1,WA,USA,West,Rotpunkt,220,96,21120,null
2022,4,TN,USA,South,Green Lightning,161,4,644,null
2022,7,MD,USA,South,Red Hot Chili Peppers,233,11,2563,null
2022,6,HI,USA,West,Cheezos,372,18,6696,null
2022,1,VT,USA,Northeast,Red Rock Candy,189,9,1701,null
2022,7,CA,USA,West,Just The Fruit,160,47,7520,null
2022,9,VT,USA,Northeast,Panda Gummies,104,91,9464,null
2022,1,TN,USA,South,Future Toast,253,3,759,null
2022,6,NE,USA,Midwest,Mr Greens,447,21,9387,null
2022,9,KY,USA,South,Farm Fresh,365,83,30295,null
2022,10,ID,USA,West,Red Hot Chili Peppers,233,9,2097,null
2022,4,NC,USA,South,Rotpunkt,220,22,4840,null
2022,10,MI,USA,Midwest,Ultra-Salty Chips,454,82,37228,null
2022,8,CA,USA,West,Farm Fresh,365,97,35405,null
2022,1,MD,USA,South,Mr Greens,447,53,23691,null
2022,12,FL,USA,South,Rotpunkt,220,90,19800,null
2022,1,HI,USA,West,Red Rock Candy,189,6,1134,null
2022,8,OR,USA,West,Ultra-Salty Chips,454,76,34504,null
2022,2,KY,USA,South,Big Waffle,268,92,24656,null
2022,2,IL,USA,Midwest,Power Gels,193,85,16405,null
2022,8,IL,USA,Midwest,GMO Guardian,176,53,9328,null
2022,4,NE,USA,Midwest,Just The Fruit,160,3,480,null
2022,5,KY,USA,South,Green Lightning,161,59,9499,null
2022,11,MA,USA,Northeast,Only Pancakes,413,24,9912,null
2022,10,IL,USA,Midwest,Cheezos,372,81,30132,null
2022,1,OR,USA,West,Cheezos,372,58,21576,null
2022,12,FL,USA,South,Ultra-Salty Chips,454,33,14982,null
2022,4,FL,USA,South,Future Toast,253,5,1265,null
2022,10,CA,USA,West,Cheezos,372,22,8184,null
2022,1,CA,USA,West,Red Hot Chili Peppers,233,42,9786,null
2022,4,FL,USA,South,Just The Fruit,160,49,7840,null
2022,3,SC,USA,South,Red Rock Candy,189,80,15120,null
2022,4,FL,USA,South,Funky Pops,380,72,27360,null
2022,5,FL,USA,South,Yellow Zonkers,134,94,12596,null
2022,6,TN,USA,South,Ultra-Salty Chips,454,99,44946,null
2022,9,OR,USA,West,Farm Fresh,365,49,17885,null
2022,4,DE,USA,South,Funky Pops,380,21,7980,null
2022,10,KY,USA,South,Funky Pops,380,73,27740,null
2022,5,KY,USA,South,Nap Be Gone,500,13,6500,null
2022,3,SC,USA,South,Orange Creepies,300,54,16200,null
2022,12,NC,USA,South,Farm Fresh,365,67,24455,null
2022,9,CA,USA,West,Crocodile Tears,143,69,9867,null
2022,3,NE,USA,Midwest,Green Lightning,161,60,9660,null
2022,9,DE,USA,South,Organiks,257,50,12850,null
2022,1,ID,USA,West,Mr Greens,447,10,4470,null
2022,8,ID,USA,West,Giant Gummies,347,92,31924,null
2022,9,NC,USA,South,Future Toast,253,86,21758,null
2022,9,IL,USA,Midwest,Just The Fruit,160,46,7360,null
2022,7,HI,USA,West,Organiks,257,66,16962,null
2022,1,TN,USA,South,Red Hot Chili Peppers,233,23,5359,null
2022,10,FL,USA,South,Meat B Gone,495,83,41085,null
2022,7,VT,USA,Northeast,PearApple,363,88,31944,null
2022,7,IL,USA,Midwest,Meat B Gone,495,43,21285,null
2022,9,FL,USA,South,Red Rock Candy,189,65,12285,null
2022,8,KY,USA,South,Nap Be Gone,500,92,46000,null
2022,3,FL,USA,South,Only Pancakes,413,41,16933,null
2022,6,FL,USA,South,Power Gels,193,33,6369,null
2022,3,NV,USA,West,Panda Gummies,104,27,2808,null
2022,5,AZ,USA,West,Future Toast,253,94,23782,null
2022,8,IL,USA,Midwest,Just The Fruit,160,98,15680,null
2022,3,KY,USA,South,Funky Pops,380,52,19760,null
2022,4,MA,USA,Northeast,Red Hot Chili Peppers,233,77,17941,null
2022,1,MD,USA,South,Red Rock Candy,189,74,13986,null
2022,2,WA,USA,West,Funky Pops,380,89,33820,null
2022,3,MI,USA,Midwest,Just The Fruit,160,66,10560,null
2022,2,MI,USA,Midwest,Meat B Gone,495,21,10395,null
2022,9,KY,USA,South,Meat B Gone,495,30,14850,null
2022,6,TN,USA,South,Power Gels,193,41,7913,null
2022,2,DE,USA,South,Panda Gummies,104,98,10192,null
2022,9,IL,USA,Midwest,Big Waffle,268,1,268,null
2022,11,ID,USA,West,Grey Gummies,446,3,1338,null
2022,3,MI,USA,Midwest,Big Waffle,268,82,21976,null
2022,9,TN,USA,South,Rotpunkt,220,7,1540,null
2022,2,MA,USA,Northeast,Organiks,257,86,22102,null
2022,8,MO,USA,Midwest,PearApple,363,59,21417,null
2022,5,FL,USA,South,PearApple,363,28,10164,null
2022,2,OR,USA,West,Only Pancakes,413,12,4956,null
2022,5,NE,USA,Midwest,PearApple,363,9,3267,null
2022,2,AZ,USA,West,Ultra-Salty Chips,454,100,45400,null
2022,5,MD,USA,South,Orange Creepies,300,38,11400,null
2022,7,FL,USA,South,Funky Pops,380,73,27740,null
2022,5,DE,USA,South,GMO Guardian,176,80,14080,null
2022,2,MI,USA,Midwest,Cheezos,372,44,16368,null
2022,6,WA,USA,West,Purple Pain,105,3,315,null
2022,4,NC,USA,South,Big Waffle,268,13,3484,null
2022,10,MI,USA,Midwest,PearApple,363,7,2541,null
2022,3,NE,USA,Midwest,Crocodile Tears,143,90,12870,null
2022,8,CA,USA,West,Funky Pops,380,3,1140,null
2022,11,KY,USA,South,PearApple,363,27,9801,null
2022,10,NC,USA,South,Farm Fresh,365,63,22995,null
2022,5,RI,USA,Northeast,Grey Gummies,446,75,33450,null
2022,6,AZ,USA,West,PearApple,363,11,3993,null
2022,6,WA,USA,West,Only Pancakes,413,88,36344,null
2022,4,ID,USA,West,Farm Fresh,365,31,11315,null
2022,2,MO,USA,Midwest,Big Waffle,268,72,19296,null
2022,4,DE,USA,South,Future Toast,253,56,14168,null
2022,12,NE,USA,Midwest,Green Lightning,161,78,12558,null
2022,11,KY,USA,South,PearApple,363,3,1089,null
2022,11,VT,USA,Northeast,Power Gels,193,75,14475,null
2022,3,TN,USA,South,Panda Gummies,104,56,5824,null
2022,9,HI,USA,West,Rotpunkt,220,66,14520,null
2022,9,DE,USA,South,GMO Guardian,176,95,16720,null
2022,11,NE,USA,Midwest,Big Waffle,268,37,9916,null
2022,10,FL,USA,South,Funky Pops,380,25,9500,null
2022,12,WA,USA,West,Funky Pops,380,20,7600,null
2022,2,IL,USA,Midwest,Crocodile Tears,143,42,6006,null
2022,12,OR,USA,West,Funky Pops,380,97,36860,null
2022,10,NV,USA,West,Crocodile Tears,143,92,13156,null
2022,10,NV,USA,West,Mr Greens,447,12,5364,null
2022,12,WA,USA,West,Organiks,257,13,3341,null
2022,5,MA,USA,Northeast,Rotpunkt,220,5,1100,null
2022,1,TN,USA,South,Mr Greens,447,63,28161,null
2022,9,IL,USA,Midwest,Meat B Gone,495,63,31185,null
2022,7,VT,USA,Northeast,Funky Pops,380,61,23180,null
2022,2,MI,USA,Midwest,Red Hot Chili Peppers,233,64,14912,null
2022,4,TN,USA,South,Crocodile Tears,143,83,11869,null
2022,5,KY,USA,South,Giant Gummies,347,7,2429,null
2022,8,MA,USA,Northeast,Cheezos,372,72,26784,null
2022,4,CA,USA,West,Farm Fresh,365,43,15695,null
2022,11,IL,USA,Midwest,Organiks,257,24,6168,null
2022,9,NC,USA,South,Cheezos,372,76,28272,null
2022,7,NE,USA,Midwest,Red Rock Candy,189,86,16254,null
2022,5,TN,USA,South,Red Hot Chili Peppers,233,44,10252,null
2022,12,TN,USA,South,Just The Fruit,160,17,2720,null
2022,7,KY,USA,South,Future Toast,253,10,2530,null
2022,9,DE,USA,South,Farm Fresh,365,82,29930,null
2022,3,CA,USA,West,Orange Creepies,300,54,16200,null
2022,6,TN,USA,South,Future Toast,253,25,6325,null
2022,12,MO,USA,Midwest,Panda Gummies,104,87,9048,null
2022,8,TN,USA,South,Mr Greens,447,52,23244,null
2022,1,NV,USA,West,Power Gels,193,83,16019,null
2022,5,MO,USA,Midwest,Cheezos,372,55,20460,null
2022,12,FL,USA,South,GMO Guardian,176,66,11616,null
2022,4,CA,USA,West,Red Rock Candy,189,92,17388,null
2022,3,WA,USA,West,PearApple,363,30,10890,null
2022,6,RI,USA,Northeast,Crocodile Tears,143,23,3289,null
2022,9,MI,USA,Midwest,Cheezos,372,46,17112,null
2022,3,MA,USA,Northeast,Meat B Gone,495,26,12870,null
2022,6,HI,USA,West,Crocodile Tears,143,66,9438,null
2022,10,TN,USA,South,Orange Creepies,300,57,17100,null
2022,8,NV,USA,West,Power Gels,193,65,12545,null
2023,1,null,null,Midwest,PearApple,363,117,42471,280
2023,5,null,null,West,Orange Creepies,300,166,49800,545
2023,8,null,null,Northeast,Future Toast,253,96,24288,131
2023,4,null,null,Midwest,Farm Fresh,365,107,39055,920
2023,12,null,null,South,Rotpunkt,220,17,3740,358
2023,1,null,null,South,GMO Guardian,176,62,10912,855
2023,8,null,null,Midwest,Mr Greens,447,132,59004,499
2023,4,null,null,Midwest,Just The Fruit,160,123,19680,172
2023,5,null,null,West,Funky Pops,380,123,46740,618
2023,12,null,null,South,Giant Gummies,347,174,60378,116
2023,11,null,null,West,Organiks,257,134,34438,458
2023,12,null,null,Midwest,Funky Pops,380,153,58140,350
2023,7,null,null,South,Mr Greens,447,122,54534,976
2023,3,null,null,South,Crocodile Tears,143,92,13156,234
2023,6,null,null,Midwest,Crocodile Tears,143,30,4290,480
2023,4,null,null,Northeast,Giant Gummies,347,82,28454,554
2023,1,null,null,West,Just The Fruit,160,76,12160,918
2023,5,null,null,Midwest,Red Rock Candy,189,84,15876,493
2023,11,null,null,Midwest,Just The Fruit,160,114,18240,322
2023,5,null,null,South,Power Gels,193,29,5597,480
2023,3,null,null,Midwest,Funky Pops,380,64,24320,409
2023,6,null,null,Midwest,Cheezos,372,143,53196,411
2023,10,null,null,South,Nap Be Gone,500,144,72000,162
2023,3,null,null,Midwest,Only Pancakes,413,129,53277,52
2023,3,null,null,West,Red Rock Candy,189,100,18900,824
2023,1,null,null,South,Meat B Gone,495,102,50490,60
2023,4,null,null,South,Panda Gummies,104,79,8216,788
2023,6,null,null,West,Grey Gummies,446,161,71806,30
2023,3,null,null,Midwest,Funky Pops,380,73,27740,218
2023,11,null,null,Northeast,Green Lightning,161,134,21574,821
2023,5,null,null,West,Purple Pain,105,129,13545,936
2023,2,null,null,South,Big Waffle,268,91,24388,315
2023,12,null,null,West,Just The Fruit,160,110,17600,124
2023,3,null,null,Northeast,Ultra-Salty Chips,454,67,30418,883
2023,11,null,null,South,Power Gels,193,148,28564,329
2023,9,null,null,South,Grey Gummies,446,177,78942,624
2023,5,null,null,Northeast,Rotpunkt,220,187,41140,795
2023,11,null,null,Midwest,Meat B Gone,495,104,51480,776
2023,11,null,null,Northeast,Yellow Zonkers,134,41,5494,288
2023,4,null,null,South,Rotpunkt,220,112,24640,416
2023,11,null,null,Northeast,Purple Pain,105,55,5775,651
2023,6,null,null,West,Just The Fruit,160,60,9600,870
2023,7,null,null,Midwest,Just The Fruit,160,17,2720,468
2023,4,null,null,Midwest,Ultra-Salty Chips,454,84,38136,643
2023,12,null,null,Northeast,Mr Greens,447,184,82248,339
2023,2,null,null,West,Funky Pops,380,41,15580,19
2023,4,null,null,West,Only Pancakes,413,163,67319,525
2023,4,null,null,South,Mr Greens,447,99,44253,512
2023,12,null,null,Northeast,Only Pancakes,413,122,50386,542
2023,4,null,null,Midwest,Mr Greens,447,144,64368,770
2023,6,null,null,Midwest,Red Rock Candy,189,49,9261,676
2023,8,null,null,West,Farm Fresh,365,171,62415,809
2023,7,null,null,West,Mr Greens,447,42,18774,716
2023,7,null,null,South,Funky Pops,380,82,31160,511
2023,5,null,null,South,Red Rock Candy,189,151,28539,406
2023,8,null,null,Midwest,Crocodile Tears,143,163,23309,431
2023,5,null,null,West,Panda Gummies,104,125,13000,802
2023,12,null,null,Midwest,Panda Gummies,104,107,11128,269
2023,12,null,null,Midwest,Purple Pain,105,129,13545,739
2023,3,null,null,Northeast,Meat B Gone,495,72,35640,644
2023,4,null,null,South,Yellow Zonkers,134,141,18894,302
2023,5,null,null,Midwest,Mr Greens,447,89,39783,565
2023,12,null,null,Northeast,GMO Guardian,176,76,13376,109
2023,6,null,null,South,Mr Greens,447,53,23691,277
2023,10,null,null,Midwest,GMO Guardian,176,86,15136,33
2023,4,null,null,West,Just The Fruit,160,57,9120,434
2023,6,null,null,South,Grey Gummies,446,103,45938,815
2023,6,null,null,South,Mr Greens,447,93,41571,638
2023,4,null,null,Northeast,Purple Pain,105,101,10605,397
2023,11,null,null,West,Nap Be Gone,500,57,28500,169
2023,4,null,null,South,Power Gels,193,160,30880,681
2023,12,null,null,Midwest,Red Hot Chili Peppers,233,128,29824,930
2023,12,null,null,West,Ultra-Salty Chips,454,122,55388,591
2023,9,null,null,South,Ultra-Salty Chips,454,163,74002,748
2023,4,null,null,Northeast,Just The Fruit,160,131,20960,122
2023,8,null,null,Midwest,Orange Creepies,300,125,37500,348
2023,12,null,null,South,Ultra-Salty Chips,454,88,39952,116
2023,9,null,null,Northeast,Crocodile Tears,143,126,18018,510
2023,2,null,null,Midwest,Red Rock Candy,189,160,30240,481
2023,8,null,null,Northeast,Green Lightning,161,131,21091,873
2023,12,null,null,Midwest,Meat B Gone,495,112,55440,483
2023,2,null,null,Northeast,Organiks,257,123,31611,257
2023,4,null,null,West,Giant Gummies,347,39,13533,531
2023,5,null,null,Northeast,Farm Fresh,365,100,36500,17
2023,4,null,null,South,Only Pancakes,413,81,33453,173
2023,2,null,null,South,Red Rock Candy,189,87,16443,580
2023,10,null,null,Northeast,Big Waffle,268,83,22244,985
2023,8,null,null,West,Red Hot Chili Peppers,233,131,30523,645
2023,6,null,null,Midwest,Meat B Gone,495,144,71280,869
2023,11,null,null,Northeast,PearApple,363,97,35211,215
2023,10,null,null,Midwest,Nap Be Gone,500,116,58000,765
2023,1,null,null,West,Only Pancakes,413,109,45017,707
2023,5,null,null,South,Red Rock Candy,189,76,14364,8
2023,6,null,null,West,Orange Creepies,300,57,17100,567
2023,9,null,null,South,Crocodile Tears,143,144,20592,160
2023,8,null,null,West,Big Waffle,268,58,15544,183
2023,10,null,null,Midwest,Organiks,257,164,42148,358
2023,3,null,null,South,PearApple,363,115,41745,913
2023,6,null,null,Northeast,Mr Greens,447,132,59004,594
2023,6,null,null,South,Meat B Gone,495,183,90585,190
2023,5,null,null,Northeast,Red Rock Candy,189,110,20790,498
2023,4,null,null,South,Just The Fruit,160,132,21120,576
2023,2,null,null,South,Green Lightning,161,169,27209,353
2023,12,null,null,South,Orange Creepies,300,35,10500,962
2023,6,null,null,South,Crocodile Tears,143,160,22880,965
2023,3,null,null,West,Only Pancakes,413,144,59472,534
2023,3,null,null,Midwest,Nap Be Gone,500,73,36500,754
2023,12,null,null,South,Panda Gummies,104,131,13624,958
2023,1,null,null,South,Crocodile Tears,143,154,22022,890
2023,10,null,null,West,Giant Gummies,347,150,52050,584
2023,5,null,null,Northeast,Big Waffle,268,133,35644,734
2023,1,null,null,Midwest,Organiks,257,107,27499,561
2023,10,null,null,Northeast,Farm Fresh,365,35,12775,428
2023,12,null,null,Midwest,Yellow Zonkers,134,137,18358,238
2023,2,null,null,West,Just The Fruit,160,122,19520,340
2023,11,null,null,Northeast,Panda Gummies,104,125,13000,681
2023,5,null,null,Northeast,Yellow Zonkers,134,119,15946,678
2023,8,null,null,West,Purple Pain,105,94,9870,576
2023,3,null,null,South,Big Waffle,268,131,35108,88
2023,1,null,null,West,Farm Fresh,365,75,27375,223
2023,6,null,null,Midwest,Just The Fruit,160,57,9120,357
2023,6,null,null,Northeast,Panda Gummies,104,91,9464,657
2023,10,null,null,West,Panda Gummies,104,94,9776,301
2023,10,null,null,South,Panda Gummies,104,192,19968,862
2023,6,null,null,West,Red Hot Chili Peppers,233,106,24698,618
2023,1,null,null,Midwest,Orange Creepies,300,162,48600,688
2023,12,null,null,South,Nap Be Gone,500,108,54000,516
2023,6,null,null,Midwest,Big Waffle,268,85,22780,784
2023,4,null,null,Midwest,Giant Gummies,347,158,54826,376
2023,5,null,null,West,Farm Fresh,365,109,39785,839
2023,3,null,null,South,Crocodile Tears,143,125,17875,624
2023,5,null,null,Midwest,Only Pancakes,413,131,54103,638
2023,9,null,null,South,Only Pancakes,413,98,40474,578
2023,4,null,null,Midwest,Yellow Zonkers,134,120,16080,738
2023,9,null,null,Northeast,Only Pancakes,413,130,53690,708
2023,11,null,null,Midwest,Power Gels,193,41,7913,795
2023,11,null,null,Midwest,Only Pancakes,413,191,78883,154
2023,9,null,null,West,Ultra-Salty Chips,454,89,40406,222
2023,1,null,null,South,Nap Be Gone,500,95,47500,610
2023,3,null,null,South,Purple Pain,105,18,1890,872
2023,10,null,null,South,Just The Fruit,160,113,18080,221
2023,12,null,null,West,Yellow Zonkers,134,138,18492,313
2023,5,null,null,South,Grey Gummies,446,50,22300,103
2023,5,null,null,West,Cheezos,372,16,5952,863
2023,4,null,null,South,Crocodile Tears,143,102,14586,256
2023,2,null,null,West,Just The Fruit,160,104,16640,720
2023,7,null,null,Midwest,Ultra-Salty Chips,454,104,47216,734
2023,4,null,null,West,Power Gels,193,77,14861,7
2023,12,null,null,Midwest,Orange Creepies,300,63,18900,775
2023,9,null,null,West,Future Toast,253,83,20999,896
2023,12,null,null,West,Ultra-Salty Chips,454,97,44038,783
2023,5,null,null,South,Purple Pain,105,125,13125,513
2023,4,null,null,West,Red Rock Candy,189,108,20412,725
2023,5,null,null,South,Power Gels,193,191,36863,234
2023,3,null,null,Northeast,Grey Gummies,446,119,53074,491
2023,10,null,null,South,GMO Guardian,176,115,20240,782
2023,11,null,null,South,Farm Fresh,365,102,37230,417
2023,8,null,null,West,Cheezos,372,103,38316,253
2023,11,null,null,West,Rotpunkt,220,58,12760,292
2023,1,null,null,South,Crocodile Tears,143,138,19734,818
2023,2,null,null,West,Giant Gummies,347,55,19085,234
2023,3,null,null,Midwest,Funky Pops,380,90,34200,778
2023,2,null,null,South,Crocodile Tears,143,104,14872,504
2023,6,null,null,Midwest,Yellow Zonkers,134,143,19162,114
2023,5,null,null,South,Green Lightning,161,85,13685,246
2023,10,null,null,West,Funky Pops,380,105,39900,128
2023,5,null,null,West,Organiks,257,174,44718,970
2023,11,null,null,South,Funky Pops,380,134,50920,360
2023,7,null,null,West,Big Waffle,268,130,34840,730
2023,12,null,null,South,Organiks,257,130,33410,37
2023,12,null,null,Northeast,Ultra-Salty Chips,454,15,6810,282
2023,4,null,null,West,Meat B Gone,495,48,23760,205
2023,1,null,null,South,Big Waffle,268,90,24120,308
2023,5,null,null,South,Green Lightning,161,47,7567,754
2023,3,null,null,South,Big Waffle,268,163,43684,155
2023,12,null,null,South,Giant Gummies,347,108,37476,742
2023,8,null,null,Northeast,Green Lightning,161,90,14490,323
2023,7,null,null,South,Future Toast,253,173,43769,573
2023,2,null,null,Northeast,Mr Greens,447,132,59004,120
2023,11,null,null,West,Yellow Zonkers,134,146,19564,194
2023,2,null,null,Midwest,Grey Gummies,446,99,44154,204
2023,1,null,null,West,Organiks,257,76,19532,761
2023,11,null,null,West,Panda Gummies,104,157,16328,555
2023,2,null,null,West,PearApple,363,60,21780,680
2023,9,null,null,South,Meat B Gone,495,59,29205,784
2023,3,null,null,Northeast,Giant Gummies,347,122,42334,193
2023,1,null,null,Midwest,Orange Creepies,300,152,45600,857
2023,7,null,null,Northeast,Power Gels,193,131,25283,860
2023,8,null,null,West,Meat B Gone,495,65,32175,548
2023,5,null,null,South,Grey Gummies,446,68,30328,348
2023,5,null,null,South,Red Hot Chili Peppers,233,45,10485,401
2023,4,null,null,Midwest,Orange Creepies,300,129,38700,968
2023,10,null,null,West,Panda Gummies,104,101,10504,866
2023,10,null,null,Midwest,Just The Fruit,160,131,20960,433
2023,8,null,null,West,Green Lightning,161,32,5152,380
2023,9,null,null,South,Power Gels,193,140,27020,772
2023,3,null,null,West,Future Toast,253,107,27071,203
2023,2,null,null,West,Red Hot Chili Peppers,233,57,13281,696
2023,3,null,null,Midwest,Green Lightning,161,114,18354,616
2023,1,null,null,Northeast,Big Waffle,268,112,30016,457
2023,8,null,null,West,Grey Gummies,446,92,41032,535
2023,10,null,null,South,Big Waffle,268,88,23584,244
2023,6,null,null,South,Power Gels,193,119,22967,710
2023,10,null,null,South,Only Pancakes,413,131,54103,624
2023,4,null,null,Midwest,Organiks,257,97,24929,213
2023,11,null,null,West,PearApple,363,109,39567,364
2023,3,null,null,South,PearApple,363,181,65703,508
2023,4,null,null,South,Big Waffle,268,98,26264,929
2023,6,null,null,Northeast,Big Waffle,268,85,22780,359
2023,8,null,null,West,Purple Pain,105,168,17640,669
2023,9,null,null,South,Mr Greens,447,84,37548,421
2023,10,null,null,West,Orange Creepies,300,80,24000,439
2023,9,null,null,Midwest,Ultra-Salty Chips,454,123,55842,632
2023,9,null,null,Midwest,Mr Greens,447,110,49170,19
2023,5,null,null,South,Red Rock Candy,189,156,29484,187
2023,4,null,null,West,Giant Gummies,347,92,31924,535
2023,7,null,null,South,Giant Gummies,347,150,52050,519
2023,2,null,null,South,Green Lightning,161,105,16905,962
2023,11,null,null,Midwest,Mr Greens,447,142,63474,145
2023,7,null,null,West,Organiks,257,122,31354,849
2023,5,null,null,South,Cheezos,372,85,31620,79
2023,2,null,null,Northeast,Power Gels,193,105,20265,643
2023,5,null,null,Northeast,Nap Be Gone,500,119,59500,881
2023,10,null,null,Midwest,Cheezos,372,128,47616,5
2023,12,null,null,West,Giant Gummies,347,45,15615,458
2023,9,null,null,Northeast,Farm Fresh,365,176,64240,335
2023,12,null,null,West,Only Pancakes,413,45,18585,585
2023,6,null,null,South,Red Rock Candy,189,86,16254,1
2023,11,null,null,South,Only Pancakes,413,61,25193,15
2023,1,null,null,Midwest,Mr Greens,447,31,13857,548
2023,5,null,null,South,Green Lightning,161,145,23345,189
2023,10,null,null,Midwest,Green Lightning,161,155,24955,721
2023,11,null,null,South,Future Toast,253,65,16445,276
2023,2,null,null,South,Just The Fruit,160,144,23040,721
2023,9,null,null,South,Nap Be Gone,500,176,88000,143
2023,11,null,null,Northeast,Power Gels,193,111,21423,129
2023,4,null,null,Midwest,Grey Gummies,446,40,17840,727
2023,6,null,null,Northeast,Crocodile Tears,143,47,6721,945
2023,4,null,null,South,Panda Gummies,104,138,14352,817
2023,2,null,null,Northeast,Panda Gummies,104,55,5720,267
2023,6,null,null,South,Red Hot Chili Peppers,233,162,37746,520
2023,2,null,null,South,Farm Fresh,365,61,22265,714
2023,4,null,null,Northeast,Rotpunkt,220,148,32560,347
2023,9,null,null,West,Grey Gummies,446,124,55304,545
2023,1,null,null,South,Mr Greens,447,116,51852,265
2023,12,null,null,West,Just The Fruit,160,156,24960,549
2023,8,null,null,Northeast,Yellow Zonkers,134,98,13132,49
2023,11,null,null,West,Organiks,257,132,33924,305
2023,12,null,null,South,Green Lightning,161,91,14651,619
2023,3,null,null,West,Red Rock Candy,189,98,18522,172
2023,12,null,null,Midwest,Rotpunkt,220,55,12100,9
2023,9,null,null,South,Only Pancakes,413,24,9912,36
2023,9,null,null,Northeast,Power Gels,193,33,6369,576
2023,9,null,null,Midwest,Power Gels,193,104,20072,893
2023,1,null,null,Midwest,Mr Greens,447,184,82248,505
2023,3,null,null,Midwest,Future Toast,253,160,40480,152
2023,12,null,null,Midwest,Power Gels,193,125,24125,420
2023,1,null,null,Midwest,Purple Pain,105,131,13755,320
2023,4,null,null,West,Big Waffle,268,134,35912,653
2023,10,null,null,West,Red Hot Chili Peppers,233,115,26795,190
2023,6,null,null,Midwest,Yellow Zonkers,134,95,12730,389
2023,9,null,null,South,Future Toast,253,39,9867,91
2023,10,null,null,Northeast,Only Pancakes,413,63,26019,856
2023,6,null,null,South,Organiks,257,88,22616,406
2023,6,null,null,West,Big Waffle,268,69,18492,174
2023,8,null,null,West,Ultra-Salty Chips,454,84,38136,165
2023,5,null,null,Northeast,Green Lightning,161,105,16905,405
2023,11,null,null,South,Funky Pops,380,133,50540,360
2023,11,null,null,Midwest,Nap Be Gone,500,135,67500,645
2023,10,null,null,Midwest,PearApple,363,104,37752,114
2023,11,null,null,Northeast,Farm Fresh,365,123,44895,574
2023,10,null,null,South,Green Lightning,161,123,19803,985
2023,1,null,null,South,Red Hot Chili Peppers,233,159,37047,493
2023,8,null,null,South,Just The Fruit,160,108,17280,146
2023,10,null,null,West,Red Hot Chili Peppers,233,81,18873,967
2023,12,null,null,South,Panda Gummies,104,117,12168,992
2023,11,null,null,Northeast,Panda Gummies,104,101,10504,865
2023,10,null,null,Midwest,Crocodile Tears,143,69,9867,754
2023,4,null,null,West,Rotpunkt,220,163,35860,40
2023,3,null,null,West,PearApple,363,57,20691,290
2023,12,null,null,Northeast,PearApple,363,136,49368,994
2023,5,null,null,Midwest,Grey Gummies,446,129,57534,191
2023,1,null,null,South,Crocodile Tears,143,147,21021,748
2023,2,null,null,West,Rotpunkt,220,67,14740,907
2023,2,null,null,Northeast,Ultra-Salty Chips,454,116,52664,656
2023,1,null,null,Midwest,Red Hot Chili Peppers,233,94,21902,740
2023,12,null,null,South,Ultra-Salty Chips,454,151,68554,305
2023,12,null,null,West,Crocodile Tears,143,61,8723,260
2023,2,null,null,Northeast,Meat B Gone,495,128,63360,471
2023,5,null,null,West,Green Lightning,161,111,17871,421
2023,11,null,null,Northeast,Giant Gummies,347,102,35394,407
2023,4,null,null,West,GMO Guardian,176,63,11088,583
2023,12,null,null,West,Power Gels,193,49,9457,940
2023,2,null,null,South,Just The Fruit,160,37,5920,519
2023,6,null,null,South,Organiks,257,34,8738,623
2023,6,null,null,South,Power Gels,193,118,22774,476
2023,5,null,null,Midwest,Yellow Zonkers,134,52,6968,747
2023,4,null,null,West,Green Lightning,161,109,17549,647
2023,6,null,null,Midwest,Organiks,257,56,14392,578
2023,7,null,null,Midwest,GMO Guardian,176,132,23232,462
2023,7,null,null,Midwest,Grey Gummies,446,134,59764,229
2023,7,null,null,Midwest,Crocodile Tears,143,59,8437,196
2023,8,null,null,South,Farm Fresh,365,103,37595,459
2023,9,null,null,South,PearApple,363,129,46827,450
2023,5,null,null,Midwest,Organiks,257,156,40092,435
2023,3,null,null,West,Only Pancakes,413,29,11977,953
2023,4,null,null,West,Organiks,257,144,37008,290
2023,12,null,null,West,Just The Fruit,160,87,13920,952
2023,11,null,null,South,Farm Fresh,365,96,35040,132
2023,5,null,null,Northeast,Funky Pops,380,127,48260,259
2023,6,null,null,West,Just The Fruit,160,121,19360,951
2023,5,null,null,Midwest,Red Rock Candy,189,142,26838,444
2023,6,null,null,South,Purple Pain,105,81,8505,286
2023,11,null,null,South,GMO Guardian,176,135,23760,745
2023,10,null,null,West,Purple Pain,105,98,10290,847
2023,5,null,null,Northeast,Nap Be Gone,500,84,42000,152
2023,7,null,null,West,Meat B Gone,495,156,77220,584
2023,6,null,null,South,Mr Greens,447,114,50958,900
2023,4,null,null,South,PearApple,363,60,21780,902
2023,6,null,null,Northeast,Grey Gummies,446,176,78496,986
2023,9,null,null,South,Panda Gummies,104,113,11752,340
2023,5,null,null,Midwest,Rotpunkt,220,84,18480,211
2023,3,null,null,West,Mr Greens,447,69,30843,698
2023,3,null,null,Northeast,Grey Gummies,446,106,47276,552
2023,9,null,null,South,Grey Gummies,446,158,70468,748
2023,12,null,null,West,Cheezos,372,141,52452,394
2023,7,null,null,Midwest,Rotpunkt,220,52,11440,656
2023,12,null,null,South,Organiks,257,62,15934,990
2023,3,null,null,Midwest,Yellow Zonkers,134,136,18224,323
2023,4,null,null,Northeast,Farm Fresh,365,76,27740,732
2023,12,null,null,South,Power Gels,193,98,18914,924
2023,12,null,null,Midwest,Purple Pain,105,80,8400,294
2023,11,null,null,West,Red Hot Chili Peppers,233,172,40076,894
2023,7,null,null,South,Red Rock Candy,189,75,14175,776
2023,3,null,null,Midwest,Farm Fresh,365,80,29200,639
2023,6,null,null,West,Orange Creepies,300,123,36900,52
2023,5,null,null,West,Nap Be Gone,500,67,33500,910
2023,1,null,null,West,Purple Pain,105,159,16695,416
2023,6,null,null,Northeast,Yellow Zonkers,134,62,8308,204
2023,7,null,null,Northeast,Ultra-Salty Chips,454,114,51756,106
2023,10,null,null,Midwest,GMO Guardian,176,54,9504,602
2023,10,null,null,South,Just The Fruit,160,99,15840,328
2023,7,null,null,South,Cheezos,372,126,46872,803
2023,8,null,null,West,Only Pancakes,413,119,49147,117
2023,8,null,null,West,Grey Gummies,446,56,24976,173
2023,12,null,null,West,Funky Pops,380,70,26600,95
2023,5,null,null,South,Crocodile Tears,143,120,17160,38
2023,2,null,null,Northeast,Nap Be Gone,500,30,15000,337
2023,3,null,null,Midwest,Green Lightning,161,119,19159,734
2023,8,null,null,Midwest,Future Toast,253,82,20746,592
2023,6,null,null,South,Funky Pops,380,105,39900,69
2023,7,null,null,South,Cheezos,372,89,33108,397
2023,9,null,null,West,Farm Fresh,365,54,19710,763
2023,9,null,null,West,Orange Creepies,300,68,20400,919
2023,9,null,null,Northeast,Funky Pops,380,152,57760,89
2023,7,null,null,West,PearApple,363,88,31944,154
2023,9,null,null,Midwest,Panda Gummies,104,126,13104,410
2023,9,null,null,South,Panda Gummies,104,100,10400,142
2023,11,null,null,Northeast,Future Toast,253,122,30866,83
2023,2,null,null,Northeast,Farm Fresh,365,32,11680,84
2023,8,null,null,Northeast,Orange Creepies,300,146,43800,29
2023,8,null,null,Northeast,Green Lightning,161,126,20286,933
2023,11,null,null,Midwest,Organiks,257,129,33153,16
2023,1,null,null,South,Green Lightning,161,58,9338,493
2023,1,null,null,Midwest,Funky Pops,380,29,11020,856
2023,1,null,null,Midwest,GMO Guardian,176,95,16720,775
2023,3,null,null,West,Giant Gummies,347,132,45804,249
2023,1,null,null,Northeast,Ultra-Salty Chips,454,81,36774,831
2023,10,null,null,South,Red Hot Chili Peppers,233,155,36115,372
2023,11,null,null,South,Funky Pops,380,128,48640,567
2023,6,null,null,South,Panda Gummies,104,105,10920,398
2023,6,null,null,South,Big Waffle,268,78,20904,529
2023,7,null,null,West,Giant Gummies,347,40,13880,320
2023,1,null,null,South,Red Hot Chili Peppers,233,153,35649,507
2023,2,null,null,West,Grey Gummies,446,83,37018,518
2023,9,null,null,West,Grey Gummies,446,64,28544,25
2023,3,null,null,South,Funky Pops,380,83,31540,901
2023,4,null,null,South,PearApple,363,102,37026,226
2023,10,null,null,South,Just The Fruit,160,169,27040,226
2023,1,null,null,South,Purple Pain,105,58,6090,197
2023,8,null,null,Northeast,Organiks,257,151,38807,411
2023,4,null,null,Midwest,Meat B Gone,495,74,36630,431
2023,7,null,null,South,Meat B Gone,495,125,61875,904
2023,1,null,null,Northeast,Organiks,257,115,29555,685
2023,8,null,null,Northeast,Future Toast,253,85,21505,732
2023,8,null,null,West,Green Lightning,161,123,19803,215
2023,9,null,null,South,Farm Fresh,365,195,71175,728
2023,10,null,null,South,Ultra-Salty Chips,454,118,53572,877
2023,5,null,null,Midwest,Giant Gummies,347,117,40599,699
2023,10,null,null,Midwest,Only Pancakes,413,141,58233,539
2023,7,null,null,Midwest,Mr Greens,447,88,39336,834
2023,9,null,null,Midwest,Yellow Zonkers,134,62,8308,201
2023,6,null,null,Midwest,Purple Pain,105,125,13125,934
2023,11,null,null,South,Ultra-Salty Chips,454,101,45854,286
2023,6,null,null,South,Power Gels,193,103,19879,774
2023,8,null,null,Midwest,Grey Gummies,446,138,61548,662
2023,1,null,null,Midwest,Giant Gummies,347,180,62460,524
2023,8,null,null,Midwest,Grey Gummies,446,130,57980,948
2023,3,null,null,West,Red Hot Chili Peppers,233,38,8854,164
2023,4,null,null,West,Grey Gummies,446,162,72252,250
2023,3,null,null,West,Purple Pain,105,102,10710,832
2023,3,null,null,Midwest,Red Rock Candy,189,93,17577,307
2023,4,null,null,West,Meat B Gone,495,118,58410,288
2023,9,null,null,South,Nap Be Gone,500,109,54500,62
2023,11,null,null,West,Power Gels,193,62,11966,967
2023,8,null,null,South,Funky Pops,380,158,60040,142
2023,12,null,null,Northeast,Funky Pops,380,127,48260,104
2023,2,null,null,South,Ultra-Salty Chips,454,114,51756,242
2023,11,null,null,South,Funky Pops,380,87,33060,880
2023,6,null,null,Midwest,Yellow Zonkers,134,86,11524,781
2023,3,null,null,Northeast,Panda Gummies,104,33,3432,598
2023,11,null,null,South,Future Toast,253,131,33143,908
2023,6,null,null,Midwest,Meat B Gone,495,58,28710,507
2023,11,null,null,Midwest,Giant Gummies,347,126,43722,830
2023,3,null,null,South,Rotpunkt,220,161,35420,801
2023,9,null,null,Midwest,Red Rock Candy,189,106,20034,341
2023,7,null,null,Northeast,Red Rock Candy,189,154,29106,103
2023,12,null,null,West,Yellow Zonkers,134,172,23048,89
2023,5,null,null,South,Cheezos,372,149,55428,836
2023,10,null,null,South,Orange Creepies,300,131,39300,457
2023,12,null,null,South,Purple Pain,105,154,16170,546
2023,12,null,null,Midwest,Giant Gummies,347,179,62113,850
2023,3,null,null,Midwest,Nap Be Gone,500,133,66500,309
2023,4,null,null,West,Big Waffle,268,144,38592,856
2023,10,null,null,Midwest,Mr Greens,447,141,63027,256
2023,9,null,null,South,Orange Creepies,300,97,29100,193
2023,8,null,null,Northeast,PearApple,363,103,37389,958
2023,10,null,null,Midwest,Ultra-Salty Chips,454,140,63560,78
2023,6,null,null,West,Farm Fresh,365,150,54750,730
2023,9,null,null,South,Mr Greens,447,88,39336,443
2023,1,null,null,Midwest,Crocodile Tears,143,101,14443,31
2023,5,null,null,Midwest,Mr Greens,447,100,44700,32
2023,4,null,null,Northeast,Big Waffle,268,103,27604,274
2023,7,null,null,Northeast,Big Waffle,268,157,42076,359
2023,3,null,null,Midwest,Cheezos,372,112,41664,965
2023,6,null,null,Northeast,Green Lightning,161,30,4830,587
2023,11,null,null,South,Yellow Zonkers,134,98,13132,70
2023,6,null,null,Midwest,Red Hot Chili Peppers,233,74,17242,252
2023,3,null,null,South,Purple Pain,105,143,15015,51
2023,11,null,null,South,Red Rock Candy,189,131,24759,59
2023,8,null,null,Midwest,Crocodile Tears,143,10,1430,937
2023,11,null,null,Northeast,Future Toast,253,77,19481,304
2023,3,null,null,West,Red Rock Candy,189,43,8127,282
2023,11,null,null,South,Future Toast,253,45,11385,279
2023,4,null,null,Northeast,Mr Greens,447,147,65709,971
2023,1,null,null,Northeast,Crocodile Tears,143,104,14872,454
2023,11,null,null,Midwest,GMO Guardian,176,102,17952,406
2023,3,null,null,Northeast,PearApple,363,67,24321,317
2023,3,null,null,South,Purple Pain,105,117,12285,258
2023,7,null,null,South,Power Gels,193,143,27599,616
2023,2,null,null,Midwest,Green Lightning,161,33,5313,976
2023,6,null,null,West,Big Waffle,268,120,32160,180
2023,5,null,null,West,Cheezos,372,177,65844,897
2023,1,null,null,South,Nap Be Gone,500,51,25500,231
2023,5,null,null,Midwest,Cheezos,372,27,10044,694
2023,3,null,null,Midwest,Yellow Zonkers,134,175,23450,945
2023,11,null,null,South,Orange Creepies,300,61,18300,609
2023,3,null,null,South,Organiks,257,137,35209,896
2023,6,null,null,Midwest,Red Hot Chili Peppers,233,180,41940,497
2023,6,null,null,Northeast,Nap Be Gone,500,139,69500,995
2023,3,null,null,South,Purple Pain,105,138,14490,556
2023,12,null,null,Northeast,Yellow Zonkers,134,127,17018,244
2023,11,null,null,Midwest,Future Toast,253,60,15180,15
2023,2,null,null,Northeast,Organiks,257,81,20817,761
2023,9,null,null,Northeast,PearApple,363,134,48642,345
2023,5,null,null,South,Green Lightning,161,41,6601,937
2023,1,null,null,West,Crocodile Tears,143,116,16588,387
2023,10,null,null,West,Orange Creepies,300,32,9600,361
2023,9,null,null,South,Giant Gummies,347,92,31924,11
2023,1,null,null,West,Big Waffle,268,113,30284,346
2023,11,null,null,South,Rotpunkt,220,117,25740,408
2023,8,null,null,South,Power Gels,193,131,25283,257
2023,1,null,null,Midwest,Yellow Zonkers,134,159,21306,781
2023,4,null,null,South,Just The Fruit,160,134,21440,950
2023,8,null,null,Midwest,Mr Greens,447,92,41124,849
2023,4,null,null,Midwest,Big Waffle,268,167,44756,668
2023,7,null,null,South,Crocodile Tears,143,129,18447,413
2023,5,null,null,Northeast,Orange Creepies,300,102,30600,733
2023,12,null,null,South,Farm Fresh,365,87,31755,258
2023,8,null,null,South,Just The Fruit,160,81,12960,314
2023,5,null,null,West,Green Lightning,161,72,11592,964
2023,6,null,null,South,Giant Gummies,347,185,64195,875
2023,10,null,null,Midwest,Meat B Gone,495,184,91080,98
2023,8,null,null,South,Meat B Gone,495,164,81180,650
2023,6,null,null,Midwest,Mr Greens,447,120,53640,601
2023,2,null,null,Midwest,Crocodile Tears,143,166,23738,72
2023,5,null,null,Northeast,Red Hot Chili Peppers,233,130,30290,567
2023,11,null,null,South,Nap Be Gone,500,135,67500,659
2023,7,null,null,South,Cheezos,372,113,42036,643
2023,8,null,null,South,Crocodile Tears,143,49,7007,154
2023,12,null,null,South,Meat B Gone,495,128,63360,958
2023,12,null,null,Northeast,Red Hot Chili Peppers,233,63,14679,781
2023,9,null,null,South,Nap Be Gone,500,18,9000,601
2023,1,null,null,Midwest,Only Pancakes,413,67,27671,485
2023,12,null,null,Midwest,Giant Gummies,347,95,32965,769
2023,9,null,null,South,Panda Gummies,104,53,5512,148
2023,6,null,null,West,Giant Gummies,347,100,34700,991
2023,12,null,null,Midwest,Funky Pops,380,113,42940,467
2023,9,null,null,South,Panda Gummies,104,59,6136,298
2023,7,null,null,West,Panda Gummies,104,40,4160,73
2024,9,FL,USA,South,Only Pancakes,413,95,35311,null
2024,6,HI,USA,West,Big Waffle,268,93,22432,null
2024,5,RI,USA,Northeast,Grey Gummies,446,95,38133,null
2024,9,NE,USA,Midwest,Funky Pops,380,100,34200,null
2024,11,NC,USA,South,Future Toast,253,31,7843,null
2024,8,WA,USA,West,Mr Greens,447,76,33972,null
2024,8,MD,USA,South,Giant Gummies,347,93,29044,null
2024,1,TN,USA,South,Power Gels,193,11,2123,null
2024,1,FL,USA,South,Red Hot Chili Peppers,233,24,5592,null
2024,12,DE,USA,South,Nap Be Gone,500,67,33500,null
2024,2,MA,USA,Northeast,Cheezos,372,63,23436,null
2024,1,NC,USA,South,GMO Guardian,176,77,13552,null
2024,4,DE,USA,South,Only Pancakes,413,86,35518,null
2024,3,KY,USA,South,Rotpunkt,220,20,4400,null
2024,2,IL,USA,Midwest,Red Hot Chili Peppers,233,82,19106,null
2024,8,IL,USA,Midwest,Panda Gummies,104,33,3432,null
2024,11,NE,USA,Midwest,Yellow Zonkers,134,29,3886,null
2024,7,CA,USA,West,Grey Gummies,446,97,38936,null
2024,11,NC,USA,South,Future Toast,253,93,21176,null
2024,10,MO,USA,Midwest,Red Hot Chili Peppers,233,77,17941,null
2024,12,KY,USA,South,Orange Creepies,300,88,26400,null
2024,4,CA,USA,West,Big Waffle,268,7,1876,null
2024,3,NV,USA,West,Cheezos,372,77,28644,null
2024,7,OR,USA,West,Power Gels,193,15,2895,null
2024,2,VT,USA,Northeast,PearApple,363,57,20691,null
2024,1,NC,USA,South,GMO Guardian,176,35,6160,null
2024,3,FL,USA,South,Meat B Gone,495,34,16830,null
2024,9,TN,USA,South,Yellow Zonkers,134,43,5762,null
2024,1,CA,USA,West,Ultra-Salty Chips,454,34,15436,null
2024,10,MD,USA,South,Farm Fresh,365,14,5110,null
2024,6,TN,USA,South,Red Rock Candy,189,55,10395,null
2024,6,WA,USA,West,Panda Gummies,104,19,1976,null
2024,6,MD,USA,South,Meat B Gone,495,91,40540,null
2024,12,CA,USA,West,GMO Guardian,176,46,8096,null
2024,4,NC,USA,South,Big Waffle,268,83,22244,null
2024,1,TN,USA,South,Mr Greens,447,17,7599,null
2024,4,MD,USA,South,Meat B Gone,495,54,26730,null
2024,8,SC,USA,South,Purple Pain,105,12,1260,null
2024,4,FL,USA,South,Crocodile Tears,143,40,5720,null
2024,4,CA,USA,West,Big Waffle,268,2,536,null
2024,2,VT,USA,Northeast,Big Waffle,268,68,18224,null
2024,9,MA,USA,Northeast,Ultra-Salty Chips,454,29,13166,null
2024,10,CA,USA,West,Funky Pops,380,31,11780,null
2024,3,TN,USA,South,Farm Fresh,365,43,15695,null
2024,12,MD,USA,South,Orange Creepies,300,100,27000,null
2024,6,DE,USA,South,Mr Greens,447,33,14751,null
2024,1,MA,USA,Northeast,Power Gels,193,63,12159,null
2024,11,FL,USA,South,Only Pancakes,413,65,26845,null
2024,5,OR,USA,West,Farm Fresh,365,79,28835,null
2024,2,AZ,USA,West,Farm Fresh,365,36,13140,null
2024,11,FL,USA,South,Just The Fruit,160,85,13600,null
2024,12,NE,USA,Midwest,Organiks,257,23,5911,null
2024,4,HI,USA,West,Big Waffle,268,87,23316,null
2024,7,MD,USA,South,Just The Fruit,160,27,4320,null
2024,4,DE,USA,South,Rotpunkt,220,88,19360,null
2024,12,AZ,USA,West,Mr Greens,447,42,18774,null
2024,7,NV,USA,West,Meat B Gone,495,38,18810,null
2024,3,OR,USA,West,Red Rock Candy,189,68,12852,null
2024,3,OR,USA,West,Ultra-Salty Chips,454,89,40406,null
2024,5,NE,USA,Midwest,Grey Gummies,446,12,5352,null
2024,11,FL,USA,South,Panda Gummies,104,96,8986,null
2024,5,MO,USA,Midwest,Red Rock Candy,189,77,14553,null
2024,3,NV,USA,West,Just The Fruit,160,40,6400,null
2024,3,MA,USA,Northeast,Purple Pain,105,3,315,null
2024,2,NC,USA,South,Only Pancakes,413,66,27258,null
2024,11,ID,USA,West,GMO Guardian,176,30,5280,null
2024,3,RI,USA,Northeast,Yellow Zonkers,134,16,2144,null
2024,3,MA,USA,Northeast,Giant Gummies,347,7,2429,null
2024,12,WA,USA,West,Yellow Zonkers,134,49,6566,null
2024,10,WA,USA,West,Purple Pain,105,9,945,null
2024,12,RI,USA,Northeast,Red Hot Chili Peppers,233,17,3961,null
2024,7,AZ,USA,West,Giant Gummies,347,68,23596,null
2024,9,NE,USA,Midwest,Red Rock Candy,189,8,1512,null
2024,11,SC,USA,South,Future Toast,253,98,22315,null
2024,1,AZ,USA,West,Mr Greens,447,74,33078,null
2024,3,MD,USA,South,Mr Greens,447,13,5811,null
2024,10,NC,USA,South,Power Gels,193,96,16675,null
2024,1,OR,USA,West,Rotpunkt,220,58,12760,null
2024,6,TN,USA,South,Grey Gummies,446,72,32112,null
2024,3,OR,USA,West,Mr Greens,447,73,32631,null
2024,2,CA,USA,West,Giant Gummies,347,25,8675,null
2024,4,MO,USA,Midwest,PearApple,363,4,1452,null
2024,12,RI,USA,Northeast,Big Waffle,268,25,6700,null
2024,6,VT,USA,Northeast,Just The Fruit,160,17,2720,null
2024,10,MI,USA,Midwest,Grey Gummies,446,2,892,null
2024,4,MD,USA,South,Future Toast,253,65,16445,null
2024,7,TN,USA,South,Purple Pain,105,41,4305,null
2024,1,WA,USA,West,Mr Greens,447,98,39425,null
2024,5,DE,USA,South,PearApple,363,39,14157,null
2024,11,NE,USA,Midwest,Panda Gummies,104,2,208,null
2024,8,MA,USA,Northeast,PearApple,363,65,23595,null
2024,12,MD,USA,South,Ultra-Salty Chips,454,16,7264,null
2024,11,WA,USA,West,Just The Fruit,160,78,12480,null
2024,9,FL,USA,South,Organiks,257,100,23130,null
2024,9,TN,USA,South,Ultra-Salty Chips,454,76,34504,null
2024,5,FL,USA,South,Nap Be Gone,500,74,37000,null
2024,12,CA,USA,West,Organiks,257,73,18761,null
2024,8,IL,USA,Midwest,Cheezos,372,84,31248,null
2024,4,MO,USA,Midwest,PearApple,363,26,9438,null
2024,7,DE,USA,South,Organiks,257,68,17476,null
2024,9,TN,USA,South,Green Lightning,161,36,5796,null
2024,11,VT,USA,Northeast,PearApple,363,69,25047,null
2024,12,SC,USA,South,Farm Fresh,365,64,23360,null
2024,6,FL,USA,South,PearApple,363,42,15246,null
2024,8,MI,USA,Midwest,Funky Pops,380,79,30020,null
2024,6,NC,USA,South,Yellow Zonkers,134,25,3350,null
2024,9,WA,USA,West,Mr Greens,447,94,37816,null
2024,4,MO,USA,Midwest,Green Lightning,161,91,13186,null
2024,2,CA,USA,West,Future Toast,253,5,1265,null
2024,1,MD,USA,South,Power Gels,193,86,16598,null
2024,5,OR,USA,West,Orange Creepies,300,76,22800,null
2024,11,MO,USA,Midwest,Purple Pain,105,12,1260,null
2024,2,NE,USA,Midwest,Red Rock Candy,189,5,945,null
2024,1,FL,USA,South,GMO Guardian,176,75,13200,null
2024,1,MA,USA,Northeast,Red Hot Chili Peppers,233,20,4660,null
2024,6,MA,USA,Northeast,Orange Creepies,300,58,17400,null
2024,10,KY,USA,South,Giant Gummies,347,85,29495,null
2024,5,NC,USA,South,GMO Guardian,176,39,6864,null
2024,7,TN,USA,South,Purple Pain,105,4,420,null
2024,5,OR,USA,West,Only Pancakes,413,89,36757,null
2024,3,FL,USA,South,Orange Creepies,300,33,9900,null
2024,5,CA,USA,West,Nap Be Gone,500,26,13000,null
2024,5,RI,USA,Northeast,Mr Greens,447,71,31737,null
2024,7,FL,USA,South,Future Toast,253,80,20240,null
2024,9,DE,USA,South,PearApple,363,2,726,null
2024,3,DE,USA,South,GMO Guardian,176,7,1232,null
2024,1,MI,USA,Midwest,GMO Guardian,176,27,4752,null
2024,5,NC,USA,South,Giant Gummies,347,76,26372,null
2024,11,FL,USA,South,Organiks,257,39,10023,null
2024,2,IL,USA,Midwest,Grey Gummies,446,65,28990,null
2024,12,KY,USA,South,Grey Gummies,446,31,13826,null
2024,3,ID,USA,West,Red Rock Candy,189,65,12285,null
2024,3,ID,USA,West,Funky Pops,380,53,20140,null
2024,4,TN,USA,South,Just The Fruit,160,4,640,null
2024,7,IL,USA,Midwest,Future Toast,253,17,4301,null
2024,5,MI,USA,Midwest,GMO Guardian,176,36,6336,null
2024,10,AZ,USA,West,Green Lightning,161,67,10787,null
2024,9,HI,USA,West,Purple Pain,105,17,1785,null
2024,7,RI,USA,Northeast,Yellow Zonkers,134,100,12060,null
2024,12,MA,USA,Northeast,Rotpunkt,220,33,7260,null
2024,12,HI,USA,West,Green Lightning,161,40,6440,null
2024,4,NE,USA,Midwest,Rotpunkt,220,86,18920,null
2024,6,MD,USA,South,Orange Creepies,300,8,2400,null
2024,1,CA,USA,West,Organiks,257,80,20560,null
2024,6,NE,USA,Midwest,Panda Gummies,104,79,8216,null
2024,9,MD,USA,South,Big Waffle,268,28,7504,null
2024,11,VT,USA,Northeast,Orange Creepies,300,86,25800,null
2024,12,NV,USA,West,Farm Fresh,365,63,22995,null
2024,6,ID,USA,West,Mr Greens,447,100,40230,null
2024,2,NE,USA,Midwest,Rotpunkt,220,23,5060,null
2024,8,WA,USA,West,Rotpunkt,220,78,17160,null
2024,11,FL,USA,South,Mr Greens,447,45,20115,null
2024,10,TN,USA,South,Orange Creepies,300,55,16500,null
2024,8,VT,USA,Northeast,Future Toast,253,46,11638,null
2024,9,OR,USA,West,PearApple,363,42,15246,null
2024,4,FL,USA,South,Red Rock Candy,189,64,12096,null
2024,6,MI,USA,Midwest,Nap Be Gone,500,88,44000,null
2024,4,KY,USA,South,Organiks,257,32,8224,null
2024,2,SC,USA,South,Future Toast,253,83,20999,null
2024,6,DE,USA,South,Big Waffle,268,54,14472,null
2024,9,NE,USA,Midwest,Just The Fruit,160,94,13536,null
2024,11,TN,USA,South,Grey Gummies,446,45,20070,null
2024,5,NC,USA,South,Nap Be Gone,500,88,44000,null
2024,6,HI,USA,West,Green Lightning,161,78,12558,null
2024,10,WA,USA,West,Farm Fresh,365,10,3650,null
2024,12,SC,USA,South,Crocodile Tears,143,68,9724,null
2024,6,MA,USA,Northeast,Big Waffle,268,17,4556,null
2024,7,MD,USA,South,Yellow Zonkers,134,29,3886,null
2024,12,TN,USA,South,Purple Pain,105,38,3990,null
2024,10,MO,USA,Midwest,Cheezos,372,99,33145,null
2024,8,KY,USA,South,GMO Guardian,176,12,2112,null
2024,5,MO,USA,Midwest,Green Lightning,161,64,10304,null
2024,4,MD,USA,South,Orange Creepies,300,28,8400,null
2024,9,FL,USA,South,PearApple,363,57,20691,null
2024,1,VT,USA,Northeast,Cheezos,372,73,27156,null
2024,7,VT,USA,Northeast,Cheezos,372,46,17112,null
2024,11,FL,USA,South,PearApple,363,94,30710,null
2024,6,MI,USA,Midwest,Giant Gummies,347,48,16656,null
2024,8,NC,USA,South,Only Pancakes,413,60,24780,null
2024,1,MI,USA,Midwest,Rotpunkt,220,39,8580,null
2024,10,TN,USA,South,Funky Pops,380,64,24320,null
2024,3,WA,USA,West,Rotpunkt,220,58,12760,null
2024,8,MA,USA,Northeast,Crocodile Tears,143,68,9724,null
2024,11,FL,USA,South,Big Waffle,268,42,11256,null
2024,2,AZ,USA,West,Cheezos,372,81,30132,null
2024,2,NV,USA,West,Future Toast,253,89,22517,null
2024,5,MA,USA,Northeast,Meat B Gone,495,94,41877,null
2024,7,MO,USA,Midwest,Yellow Zonkers,134,61,8174,null
2024,9,TN,USA,South,Green Lightning,161,87,14007,null
2024,7,WA,USA,West,Purple Pain,105,24,2520,null
2024,9,CA,USA,West,Panda Gummies,104,20,2080,null
2024,6,HI,USA,West,Giant Gummies,347,74,25678,null
2024,2,FL,USA,South,Just The Fruit,160,73,11680,null
2024,5,VT,USA,Northeast,Cheezos,372,81,30132,null
2024,3,RI,USA,Northeast,Big Waffle,268,70,18760,null
2024,6,MD,USA,South,Panda Gummies,104,40,4160,null
2024,10,TN,USA,South,Funky Pops,380,97,33174,null
2024,5,KY,USA,South,Only Pancakes,413,7,2891,null
2024,10,FL,USA,South,Red Hot Chili Peppers,233,68,15844,null
2024,4,SC,USA,South,Farm Fresh,365,42,15330,null
2024,1,FL,USA,South,PearApple,363,7,2541,null
2024,1,NC,USA,South,Crocodile Tears,143,7,1001,null
2024,1,NV,USA,West,Orange Creepies,300,47,14100,null
2024,12,IL,USA,Midwest,Crocodile Tears,143,57,8151,null
2024,5,AZ,USA,West,Farm Fresh,365,22,8030,null
2024,6,AZ,USA,West,Rotpunkt,220,23,5060,null
2024,7,MI,USA,Midwest,Orange Creepies,300,71,21300,null
2024,5,KY,USA,South,Crocodile Tears,143,16,2288,null
2024,12,TN,USA,South,Crocodile Tears,143,23,3289,null
2024,9,TN,USA,South,Ultra-Salty Chips,454,96,39226,null
2024,1,AZ,USA,West,GMO Guardian,176,60,10560,null
2024,6,IL,USA,Midwest,Red Rock Candy,189,66,12474,null
2024,10,RI,USA,Northeast,Green Lightning,161,9,1449,null
2024,12,MI,USA,Midwest,Green Lightning,161,52,8372,null
2024,5,FL,USA,South,Just The Fruit,160,2,320,null
2024,5,MO,USA,Midwest,Rotpunkt,220,85,18700,null
2024,9,KY,USA,South,Power Gels,193,68,13124,null
2024,7,SC,USA,South,Orange Creepies,300,62,18600,null
2024,6,MO,USA,Midwest,Purple Pain,105,96,9072,null
2024,8,HI,USA,West,Cheezos,372,89,33108,null
2024,12,TN,USA,South,Giant Gummies,347,11,3817,null
2024,2,OR,USA,West,Red Rock Candy,189,3,567,null
2024,3,MI,USA,Midwest,Big Waffle,268,19,5092,null
2024,8,MO,USA,Midwest,Grey Gummies,446,81,36126,null
2024,2,MO,USA,Midwest,Farm Fresh,365,74,27010,null
2024,7,NV,USA,West,Nap Be Gone,500,18,9000,null
2024,4,ID,USA,West,PearApple,363,14,5082,null
2024,10,AZ,USA,West,Yellow Zonkers,134,37,4958,null
2024,5,TN,USA,South,GMO Guardian,176,93,14731,null
2024,8,MD,USA,South,Funky Pops,380,97,33174,null
2024,8,MA,USA,Northeast,Organiks,257,68,17476,null
2024,1,IL,USA,Midwest,Cheezos,372,74,27528,null
2024,7,MA,USA,Northeast,Only Pancakes,413,6,2478,null
2024,4,NC,USA,South,Orange Creepies,300,3,900,null
2024,6,TN,USA,South,Panda Gummies,104,59,6136,null
2024,12,MO,USA,Midwest,Power Gels,193,42,8106,null
2024,1,MI,USA,Midwest,Big Waffle,268,20,5360,null
2024,5,DE,USA,South,Ultra-Salty Chips,454,70,31780,null
2024,9,MA,USA,Northeast,Organiks,257,17,4369,null
2024,4,TN,USA,South,Grey Gummies,446,61,27206,null
2024,10,HI,USA,West,Purple Pain,105,6,630,null
2024,2,NE,USA,Midwest,Only Pancakes,413,35,14455,null
2024,9,NV,USA,West,Rotpunkt,220,5,1100,null
2024,4,FL,USA,South,Crocodile Tears,143,88,12584,null
2024,5,FL,USA,South,Future Toast,253,72,18216,null
2024,10,MO,USA,Midwest,Only Pancakes,413,26,10738,null
2024,3,SC,USA,South,Orange Creepies,300,81,24300,null
2024,6,FL,USA,South,Crocodile Tears,143,76,10868,null
2024,5,FL,USA,South,Just The Fruit,160,24,3840,null
2024,12,MO,USA,Midwest,Future Toast,253,15,3795,null
2024,4,NV,USA,West,Organiks,257,10,2570,null
2024,11,NC,USA,South,Cheezos,372,87,32364,null
2024,5,ID,USA,West,Rotpunkt,220,84,18480,null
2024,12,NV,USA,West,Panda Gummies,104,96,8986,null
2024,4,WA,USA,West,Yellow Zonkers,134,24,3216,null
2024,1,FL,USA,South,Giant Gummies,347,87,30189,null
2024,4,WA,USA,West,GMO Guardian,176,96,15206,null
2024,1,DE,USA,South,Meat B Gone,495,96,42768,null
2024,2,MO,USA,Midwest,Organiks,257,98,22667,null
2024,4,CA,USA,West,Red Hot Chili Peppers,233,14,3262,null
2024,9,AZ,USA,West,Meat B Gone,495,88,43560,null
2024,2,VT,USA,Northeast,Mr Greens,447,87,38889,null
2024,8,DE,USA,South,Yellow Zonkers,134,62,8308,null
2024,7,OR,USA,West,Farm Fresh,365,55,20075,null
2024,10,MA,USA,Northeast,Rotpunkt,220,80,17600,null
2024,6,RI,USA,Northeast,Grey Gummies,446,41,18286,null
2024,10,MO,USA,Midwest,Farm Fresh,365,71,25915,null
2024,6,NE,USA,Midwest,Giant Gummies,347,21,7287,null
2024,9,SC,USA,South,PearApple,363,13,4719,null
2024,4,DE,USA,South,Rotpunkt,220,2,440,null
2024,6,NE,USA,Midwest,Mr Greens,447,42,18774,null
2024,3,MA,USA,Northeast,Giant Gummies,347,68,23596,null
2024,10,MO,USA,Midwest,Ultra-Salty Chips,454,37,16798,null
2024,2,MD,USA,South,Crocodile Tears,143,17,2431,null
2024,9,MI,USA,Midwest,PearApple,363,46,16698,null
2024,4,WA,USA,West,Mr Greens,447,11,4917,null
2024,7,NC,USA,South,Funky Pops,380,15,5700,null
2024,4,ID,USA,West,Rotpunkt,220,87,19140,null
2024,2,NE,USA,Midwest,Farm Fresh,365,89,32485,null
2024,10,MO,USA,Midwest,Orange Creepies,300,65,19500,null
2024,8,FL,USA,South,Only Pancakes,413,59,24367,null
2024,3,VT,USA,Northeast,Just The Fruit,160,45,7200,null
2024,6,VT,USA,Northeast,GMO Guardian,176,19,3344,null
2024,11,AZ,USA,West,Red Rock Candy,189,29,5481,null
2024,5,TN,USA,South,Farm Fresh,365,85,31025,null
2024,2,SC,USA,South,Red Rock Candy,189,19,3591,null
2024,7,NC,USA,South,Crocodile Tears,143,25,3575,null
2024,3,CA,USA,West,Green Lightning,161,62,9982,null
2024,12,RI,USA,Northeast,GMO Guardian,176,28,4928,null
2024,5,NE,USA,Midwest,Future Toast,253,70,17710,null
2024,4,NE,USA,Midwest,Orange Creepies,300,13,3900,null
2024,1,MD,USA,South,Future Toast,253,83,20999,null
2024,11,FL,USA,South,Power Gels,193,17,3281,null
2024,11,HI,USA,West,PearApple,363,38,13794,null
2024,9,MD,USA,South,Farm Fresh,365,22,8030,null
2024,6,NV,USA,West,Only Pancakes,413,100,37170,null
2024,2,MD,USA,South,Green Lightning,161,68,10948,null
2024,11,MD,USA,South,Mr Greens,447,72,32184,null
2024,3,KY,USA,South,Crocodile Tears,143,34,4862,null
2024,3,NV,USA,West,Organiks,257,74,19018,null
2024,3,MO,USA,Midwest,Panda Gummies,104,71,7384,null
2024,7,OR,USA,West,Power Gels,193,28,5404,null
2024,11,KY,USA,South,Grey Gummies,446,13,5798,null
2024,9,IL,USA,Midwest,Power Gels,193,42,8106,null
2024,12,NV,USA,West,Red Hot Chili Peppers,233,66,15378,null
2024,3,TN,USA,South,Only Pancakes,413,43,17759,null
2024,10,MO,USA,Midwest,Giant Gummies,347,64,22208,null
2024,1,SC,USA,South,Green Lightning,161,29,4669,null
2024,4,OR,USA,West,PearApple,363,2,726,null
2024,8,TN,USA,South,Funky Pops,380,94,32148,null
2024,8,FL,USA,South,GMO Guardian,176,11,1936,null
2024,11,WA,USA,West,Green Lightning,161,97,14055,null
2024,9,FL,USA,South,Red Hot Chili Peppers,233,59,13747,null
2024,3,MD,USA,South,Ultra-Salty Chips,454,72,32688,null
2024,3,HI,USA,West,Purple Pain,105,66,6930,null
2024,11,SC,USA,South,Power Gels,193,4,772,null
2024,11,TN,USA,South,Purple Pain,105,79,8295,null
2024,3,MI,USA,Midwest,Rotpunkt,220,28,6160,null
2024,12,DE,USA,South,Big Waffle,268,98,23638,null
2024,7,OR,USA,West,Nap Be Gone,500,97,43650,null
2024,6,MD,USA,South,Orange Creepies,300,26,7800,null
2024,6,FL,USA,South,Farm Fresh,365,66,24090,null
2024,4,MI,USA,Midwest,Crocodile Tears,143,43,6149,null
2024,4,NE,USA,Midwest,Rotpunkt,220,33,7260,null
2024,9,MO,USA,Midwest,Just The Fruit,160,61,9760,null
2024,5,DE,USA,South,Giant Gummies,347,38,13186,null
2024,7,WA,USA,West,Just The Fruit,160,8,1280,null
2024,4,HI,USA,West,Farm Fresh,365,11,4015,null
2024,8,ID,USA,West,Big Waffle,268,37,9916,null
2024,4,NV,USA,West,Future Toast,253,42,10626,null
2024,11,MD,USA,South,Yellow Zonkers,134,37,4958,null
2024,5,MD,USA,South,Green Lightning,161,47,7567,null
2024,9,MO,USA,Midwest,Big Waffle,268,71,19028,null
2024,6,MD,USA,South,Ultra-Salty Chips,454,8,3632,null
2024,4,RI,USA,Northeast,Panda Gummies,104,1,104,null
2024,9,WA,USA,West,Power Gels,193,85,16405,null
2024,8,OR,USA,West,Big Waffle,268,97,23396,null
2024,10,NC,USA,South,Grey Gummies,446,75,33450,null
2024,6,OR,USA,West,Rotpunkt,220,77,16940,null
2024,4,CA,USA,West,Farm Fresh,365,42,15330,null
2024,6,FL,USA,South,Power Gels,193,21,4053,null
2024,10,AZ,USA,West,Farm Fresh,365,91,29893,null
2024,9,DE,USA,South,Grey Gummies,446,83,37018,null
2024,12,IL,USA,Midwest,Green Lightning,161,66,10626,null
2024,4,NE,USA,Midwest,Only Pancakes,413,55,22715,null
2024,1,ID,USA,West,Panda Gummies,104,75,7800,null
2024,1,NE,USA,Midwest,Red Hot Chili Peppers,233,49,11417,null
2024,8,SC,USA,South,Panda Gummies,104,18,1872,null
2024,5,MD,USA,South,GMO Guardian,176,8,1408,null
2024,5,MD,USA,South,Yellow Zonkers,134,2,268,null
2024,2,RI,USA,Northeast,Green Lightning,161,45,7245,null
2024,10,RI,USA,Northeast,Red Rock Candy,189,19,3591,null
2024,8,ID,USA,West,Future Toast,253,70,17710,null
2024,8,NE,USA,Midwest,Organiks,257,33,8481,null
2024,11,AZ,USA,West,PearApple,363,58,21054,null
2024,5,CA,USA,West,Panda Gummies,104,95,8892,null
2024,8,IL,USA,Midwest,Giant Gummies,347,68,23596,null
2024,1,IL,USA,Midwest,Orange Creepies,300,10,3000,null
2024,4,MD,USA,South,Power Gels,193,27,5211,null
2024,2,FL,USA,South,PearApple,363,84,30492,null
2024,1,OR,USA,West,Orange Creepies,300,59,17700,null
2024,9,IL,USA,Midwest,Mr Greens,447,66,29502,null
2024,4,NV,USA,West,Grey Gummies,446,72,32112,null
2024,7,MD,USA,South,Mr Greens,447,12,5364,null
2024,12,CA,USA,West,Crocodile Tears,143,7,1001,null
2024,3,HI,USA,West,Just The Fruit,160,34,5440,null
2024,2,NV,USA,West,Nap Be Gone,500,57,28500,null
2024,10,TN,USA,South,Just The Fruit,160,35,5600,null
2024,2,CA,USA,West,Orange Creepies,300,76,22800,null
2024,9,MO,USA,Midwest,Crocodile Tears,143,5,715,null
2024,5,FL,USA,South,Giant Gummies,347,93,29044,null
2024,12,NC,USA,South,PearApple,363,16,5808,null
2024,12,OR,USA,West,Just The Fruit,160,33,5280,null
2024,5,FL,USA,South,Mr Greens,447,16,7152,null
2024,6,FL,USA,South,Crocodile Tears,143,7,1001,null
2024,12,AZ,USA,West,PearApple,363,44,15972,null
2024,9,VT,USA,Northeast,Grey Gummies,446,61,27206,null
2024,5,ID,USA,West,Funky Pops,380,76,28880,null
2024,6,MD,USA,South,Ultra-Salty Chips,454,56,25424,null
2024,8,KY,USA,South,Ultra-Salty Chips,454,3,1362,null
2024,3,OR,USA,West,Rotpunkt,220,55,12100,null
2024,6,HI,USA,West,Orange Creepies,300,67,20100,null
2024,9,NE,USA,Midwest,Future Toast,253,76,19228,null
2024,12,OR,USA,West,Purple Pain,105,91,8599,null
2024,2,AZ,USA,West,Cheezos,372,75,27900,null
2024,1,ID,USA,West,Mr Greens,447,82,36654,null
2024,8,AZ,USA,West,Nap Be Gone,500,33,16500,null
2024,7,AZ,USA,West,Mr Greens,447,72,32184,null
2024,7,TN,USA,South,Purple Pain,105,37,3885,null
2024,12,MO,USA,Midwest,Purple Pain,105,65,6825,null
2024,8,DE,USA,South,Crocodile Tears,143,48,6864,null
2024,12,AZ,USA,West,Red Hot Chili Peppers,233,38,8854,null
2024,10,FL,USA,South,Red Rock Candy,189,44,8316,null
2024,12,OR,USA,West,Green Lightning,161,56,9016,null
2024,8,AZ,USA,West,Green Lightning,161,67,10787,null
2024,1,HI,USA,West,Cheezos,372,24,8928,null
2024,11,MI,USA,Midwest,Yellow Zonkers,134,33,4422,null
2024,3,NV,USA,West,Farm Fresh,365,40,14600,null
2024,7,KY,USA,South,Rotpunkt,220,97,19206,null
2024,9,ID,USA,West,Yellow Zonkers,134,18,2412,null
2024,1,NE,USA,Midwest,Organiks,257,68,17476,null
2024,7,MA,USA,Northeast,Big Waffle,268,36,9648,null
2024,12,MA,USA,Northeast,Panda Gummies,104,38,3952,null
2024,9,NE,USA,Midwest,Purple Pain,105,68,7140,null
2024,10,NE,USA,Midwest,Nap Be Gone,500,99,44550,null
2024,12,HI,USA,West,Rotpunkt,220,68,14960,null
2024,1,MO,USA,Midwest,Just The Fruit,160,76,12160,null
2024,1,MI,USA,Midwest,Red Hot Chili Peppers,233,12,2796,null
2024,11,FL,USA,South,Organiks,257,33,8481,null
2024,7,CA,USA,West,Green Lightning,161,81,13041,null
2024,1,ID,USA,West,Meat B Gone,495,13,6435,null
2024,5,OR,USA,West,Yellow Zonkers,134,20,2680,null
2024,5,TN,USA,South,Crocodile Tears,143,93,11969,null
2024,1,CA,USA,West,Only Pancakes,413,67,27671,null
2024,4,NE,USA,Midwest,PearApple,363,69,25047,null
2024,5,VT,USA,Northeast,Ultra-Salty Chips,454,84,38136,null
2024,7,AZ,USA,West,Giant Gummies,347,13,4511,null
2024,3,TN,USA,South,Meat B Gone,495,9,4455,null
2024,6,HI,USA,West,Big Waffle,268,39,10452,null
2024,7,VT,USA,Northeast,Big Waffle,268,3,804,null
2024,5,CA,USA,West,Only Pancakes,413,29,11977,null
2024,9,CA,USA,West,Rotpunkt,220,5,1100,null
2024,8,FL,USA,South,Future Toast,253,26,6578,null
2024,9,DE,USA,South,Mr Greens,447,9,4023,null
2024,10,WA,USA,West,Just The Fruit,160,72,11520,null
2024,6,TN,USA,South,Just The Fruit,160,39,6240,null
2024,9,SC,USA,South,Just The Fruit,160,64,10240,null
2024,7,TN,USA,South,Purple Pain,105,77,8085,null
2024,7,MA,USA,Northeast,Organiks,257,45,11565,null
2024,9,NV,USA,West,Cheezos,372,47,17484,null
2024,3,KY,USA,South,Just The Fruit,160,57,9120,null
2024,12,OR,USA,West,Red Hot Chili Peppers,233,54,12582,null
2024,2,TN,USA,South,Cheezos,372,39,14508,null
2024,9,KY,USA,South,Just The Fruit,160,30,4800,null
2024,9,MI,USA,Midwest,GMO Guardian,176,76,13376,null
2024,5,VT,USA,Northeast,Yellow Zonkers,134,57,7638,null
2024,8,MO,USA,Midwest,Nap Be Gone,500,35,17500,null
2024,10,FL,USA,South,Cheezos,372,25,9300,null
2024,7,TN,USA,South,Meat B Gone,495,87,43065,null
2024,11,MA,USA,Northeast,Future Toast,253,47,11891,null
2024,8,DE,USA,South,Funky Pops,380,70,26600,null
2024,7,MA,USA,Northeast,Crocodile Tears,143,55,7865,null
2024,7,NE,USA,Midwest,GMO Guardian,176,85,14960,null
2024,9,WA,USA,West,Nap Be Gone,500,63,31500,null
2024,4,DE,USA,South,Organiks,257,40,10280,null
2024,9,TN,USA,South,Farm Fresh,365,14,5110,null
2024,12,IL,USA,Midwest,Meat B Gone,495,27,13365,null
2024,3,HI,USA,West,Power Gels,193,51,9843,null
2024,2,NC,USA,South,Future Toast,253,59,14927,null
2024,1,SC,USA,South,Funky Pops,380,71,26980,null
2024,4,MI,USA,Midwest,Grey Gummies,446,68,30328,null
2024,10,MA,USA,Northeast,Future Toast,253,95,21631,null
2024,5,NV,USA,West,Funky Pops,380,78,29640,null
2024,6,NV,USA,West,GMO Guardian,176,10,1760,null
2024,4,IL,USA,Midwest,Red Hot Chili Peppers,233,44,10252,null
2024,10,SC,USA,South,Funky Pops,380,63,23940,null
2024,11,SC,USA,South,Purple Pain,105,86,9030,null
2024,7,HI,USA,West,Crocodile Tears,143,12,1716,null
2024,11,RI,USA,Northeast,Red Hot Chili Peppers,233,67,15611,null
2024,1,SC,USA,South,Only Pancakes,413,24,9912,null
2024,7,WA,USA,West,Funky Pops,380,78,29640,null
2024,8,NE,USA,Midwest,Future Toast,253,100,22770,null
2024,2,RI,USA,Northeast,Meat B Gone,495,87,43065,null
2024,8,IL,USA,Midwest,Farm Fresh,365,89,32485,null
2024,4,SC,USA,South,Purple Pain,105,44,4620,null
2024,5,FL,USA,South,Red Hot Chili Peppers,233,57,13281,null
2024,10,MO,USA,Midwest,Just The Fruit,160,89,14240,null
2024,12,RI,USA,Northeast,Ultra-Salty Chips,454,3,1362,null
2024,1,NE,USA,Midwest,Grey Gummies,446,50,22300,null
2024,4,HI,USA,West,Meat B Gone,495,29,14355,null
2024,7,SC,USA,South,Purple Pain,105,23,2415,null
2024,3,AZ,USA,West,Purple Pain,105,60,6300,null
2024,8,MO,USA,Midwest,Giant Gummies,347,85,29495,null
2024,1,HI,USA,West,Orange Creepies,300,4,1200,null
2024,6,TN,USA,South,Rotpunkt,220,52,11440,null
2024,3,NC,USA,South,Funky Pops,380,29,11020,null
2024,2,MO,USA,Midwest,Mr Greens,447,95,38218,null
2024,9,AZ,USA,West,Rotpunkt,220,21,4620,null
2024,5,MO,USA,Midwest,Rotpunkt,220,65,14300,null
2024,11,TN,USA,South,Giant Gummies,347,65,22555,null
2024,10,HI,USA,West,Yellow Zonkers,134,35,4690,null
2024,4,MA,USA,Northeast,Organiks,257,83,21331,null
2024,3,CA,USA,West,Just The Fruit,160,76,12160,null
2024,1,MO,USA,Midwest,Nap Be Gone,500,98,44100,null
2024,3,MD,USA,South,Crocodile Tears,143,71,10153,null
2024,3,NC,USA,South,Rotpunkt,220,3,660,null
2024,3,MA,USA,Northeast,PearApple,363,57,20691,null
2024,5,SC,USA,South,Panda Gummies,104,37,3848,null
2024,5,MA,USA,Northeast,Yellow Zonkers,134,24,3216,null
2024,5,AZ,USA,West,Big Waffle,268,35,9380,null
2024,8,SC,USA,South,Just The Fruit,160,22,3520,null
2024,10,MD,USA,South,Organiks,257,45,11565,null
2024,4,ID,USA,West,Red Hot Chili Peppers,233,79,18407,null
2024,5,IL,USA,Midwest,Only Pancakes,413,52,21476,null
2024,12,TN,USA,South,GMO Guardian,176,78,13728,null
2024,3,MD,USA,South,Future Toast,253,9,2277,null
2024,4,ID,USA,West,Ultra-Salty Chips,454,59,26786,null
2024,4,NE,USA,Midwest,PearApple,363,84,30492,null
2024,2,OR,USA,West,Rotpunkt,220,49,10780,null
2024,9,HI,USA,West,Just The Fruit,160,19,3040,null
